protocol,run,nGcs,nUavs,nNodes,simTime,areaSize,txRange,nodeSpeed,nodeMinSpeed,fixedNodeSpeed,nodePause,mobilityModel,randomWalkTime,gaussMarkovAlpha,gaussMarkovTimeStep,groupRadius,uavMinAltitude,uavMaxAltitude,txPowerDbm,rxSensitivityDbm,appStart,appStop,remoteIdEnabled,telemetry_flowCount,telemetry_successfulFlows,telemetry_txPackets,telemetry_rxPackets,telemetry_pdr,telemetry_loss,telemetry_delayMs,telemetry_throughputKbps,telemetry_offeredLoadKbps,c2Control_flowCount,c2Control_successfulFlows,c2Control_txPackets,c2Control_rxPackets,c2Control_pdr,c2Control_loss,c2Control_delayMs,c2Control_throughputKbps,c2Control_offeredLoadKbps,c2Command_flowCount,c2Command_successfulFlows,c2Command_txPackets,c2Command_rxPackets,c2Command_pdr,c2Command_loss,c2Command_delayMs,c2Command_throughputKbps,c2Command_offeredLoadKbps,totalC2_flowCount,totalC2_successfulFlows,totalC2_txPackets,totalC2_rxPackets,totalC2_pdr,totalC2_loss,totalC2_delayMs,totalC2_throughputKbps,totalC2_offeredLoadKbps,video_flowCount,video_successfulFlows,video_txPackets,video_rxPackets,video_pdr,video_loss,video_delayMs,video_throughputKbps,video_offeredLoadKbps,routing_flowEntries,routing_activeEntries,routing_txPackets,routing_rxPackets,routing_txBytes,routing_rxBytes,routing_offeredLoadKbps,routingBytesPerDeliveredAppByte,routingPacketsPerDeliveredAppPacket,remoteId_txPackets,remoteId_rxCopies,remoteId_txBytes,remoteId_rxBytes,remoteId_avgReceivers,remoteId_receptionRatio,remoteId_offeredLoadKbps,remoteId_receivedCopyLoadKbps
AODV,1,1,10,11,100.000000,1000.000000,300.000000,20.000000,10.000000,0,2.000000,RWP,1.000000,0.850000,1.000000,50.000000,20.000000,120.000000,20.000000,-85.000000,20.000000,90.000000,0,10,10,3482,2635,75.674899,24.325101,150.158287,46.978286,62.079086,10,10,13745,9923,72.193525,27.806475,3.535378,104.333257,144.518857,10,9,374,302,80.748663,19.251337,0.297547,5.384229,6.667886,20,19,14119,10225,72.420143,27.579857,3.439748,109.717486,151.186743,10,9,805,595,73.913043,26.086957,16.818461,71.536000,96.784000,71,65,350,311,15660,13840,1.789714,0.007842,0.026013,0,0,0,0,0.000000,0.000000,0.000000,0.000000
AODV,2,1,10,11,100.000000,1000.000000,300.000000,20.000000,10.000000,0,2.000000,RWP,1.000000,0.850000,1.000000,50.000000,20.000000,120.000000,20.000000,-85.000000,20.000000,90.000000,0,10,10,3482,3132,89.948306,10.051694,5.798649,55.839086,62.079086,10,10,13745,13084,95.190979,4.809021,8.360564,137.568914,144.518857,10,10,416,390,93.750000,6.250000,14.789479,6.953143,7.416686,20,20,14161,13474,95.148648,4.851352,8.546646,144.522057,151.935543,10,10,858,760,88.578089,11.421911,2.736993,91.373714,103.156114,93,91,668,625,29842,27900,3.410514,0.011690,0.038466,0,0,0,0,0.000000,0.000000,0.000000,0.000000
AODV,3,1,10,11,100.000000,1000.000000,300.000000,20.000000,10.000000,0,2.000000,RWP,1.000000,0.850000,1.000000,50.000000,20.000000,120.000000,20.000000,-85.000000,20.000000,90.000000,0,10,10,3482,2704,77.656519,22.343481,12.507078,48.208457,62.079086,10,10,13745,12498,90.927610,9.072390,11.547704,131.407543,144.518857,10,10,466,425,91.201717,8.798283,4.694570,7.577143,8.308114,20,20,14211,12923,90.936598,9.063402,11.322325,138.984686,152.826971,10,10,670,539,80.447761,19.552239,6.550121,64.803200,80.553143,84,79,810,761,35608,33336,4.069486,0.016149,0.050105,0,0,0,0,0.000000,0.000000,0.000000,0.000000
AODV,4,1,10,11,100.000000,1000.000000,300.000000,20.000000,10.000000,0,2.000000,RWP,1.000000,0.850000,1.000000,50.000000,20.000000,120.000000,20.000000,-85.000000,20.000000,90.000000,0,10,10,3482,2430,69.787478,30.212522,38.480603,43.323429,62.079086,10,10,13745,9808,71.356857,28.643143,21.963704,103.124114,144.518857,10,10,459,336,73.202614,26.797386,11.298026,5.990400,8.183314,20,20,14204,10144,71.416502,28.583498,21.610424,109.114514,152.702171,10,10,735,489,66.530612,33.469388,74.145506,58.791771,88.368000,68,67,527,478,24046,21726,2.748114,0.013010,0.040343,0,0,0,0,0.000000,0.000000,0.000000,0.000000
AODV,5,1,10,11,100.000000,1000.000000,300.000000,20.000000,10.000000,0,2.000000,RWP,1.000000,0.850000,1.000000,50.000000,20.000000,120.000000,20.000000,-85.000000,20.000000,90.000000,0,10,10,3482,3249,93.308443,6.691557,30.436753,57.925029,62.079086,10,10,13745,12843,93.437614,6.562386,15.400929,135.034971,144.518857,10,10,446,409,91.704036,8.295964,25.690879,7.291886,7.951543,20,20,14191,13252,93.383130,6.616870,15.718510,142.326857,152.470400,10,10,581,564,97.074010,2.925990,5.081983,67.808914,69.852800,58,54,349,307,15736,13762,1.798400,0.006709,0.020451,0,0,0,0,0.000000,0.000000,0.000000,0.000000
AODV,1,1,10,11,100.000000,1000.000000,300.000000,20.000000,10.000000,0,2.000000,RWALK2D,1.000000,0.850000,1.000000,50.000000,20.000000,120.000000,20.000000,-85.000000,20.000000,90.000000,0,10,3,3482,163,4.681218,95.318782,76.285287,2.906057,62.079086,10,3,13745,508,3.695889,96.304111,7.194093,5.341257,144.518857,10,2,542,24,4.428044,95.571956,0.206231,0.427886,9.663086,20,5,14287,532,3.723665,96.276335,6.878851,5.769143,154.181943,10,2,911,46,5.049396,94.950604,0.583249,5.530514,109.528229,10,10,28,28,1260,1260,0.144000,0.010137,0.037787,0,0,0,0,0.000000,0.000000,0.000000,0.000000
AODV,2,1,10,11,100.000000,1000.000000,300.000000,20.000000,10.000000,0,2.000000,RWALK2D,1.000000,0.850000,1.000000,50.000000,20.000000,120.000000,20.000000,-85.000000,20.000000,90.000000,0,10,6,3482,963,27.656519,72.343481,130.424539,17.168914,62.079086,10,6,13745,3432,24.969080,75.030920,5.528866,36.085029,144.518857,10,6,461,180,39.045553,60.954447,0.289858,3.209143,8.218971,20,12,14206,3612,25.425876,74.574124,5.267786,39.294171,152.737829,10,6,878,274,31.207289,68.792711,233.297254,32.942629,105.560686,16,16,115,115,5198,5198,0.594057,0.006645,0.023716,0,0,0,0,0.000000,0.000000,0.000000,0.000000
AODV,3,1,10,11,100.000000,1000.000000,300.000000,20.000000,10.000000,0,2.000000,RWALK2D,1.000000,0.850000,1.000000,50.000000,20.000000,120.000000,20.000000,-85.000000,20.000000,90.000000,0,10,5,3482,1648,47.329121,52.670879,4.966149,29.381486,62.079086,10,5,13745,6543,47.602765,52.397235,3.274310,68.794971,144.518857,10,5,431,161,37.354988,62.645012,0.414602,2.870400,7.684114,20,10,14176,6704,47.291196,52.708804,3.205633,71.665371,152.202971,10,5,1045,405,38.755981,61.244019,1.246549,48.692571,125.638857,22,22,357,326,16376,14920,1.871543,0.012499,0.040767,0,0,0,0,0.000000,0.000000,0.000000,0.000000
AODV,4,1,10,11,100.000000,1000.000000,300.000000,20.000000,10.000000,0,2.000000,RWALK2D,1.000000,0.850000,1.000000,50.000000,20.000000,120.000000,20.000000,-85.000000,20.000000,90.000000,0,10,9,3482,2555,73.377369,26.622631,156.103298,45.552000,62.079086,10,9,13745,9552,69.494362,30.505638,11.489384,100.432457,144.518857,10,9,497,357,71.830986,28.169014,8.711909,6.364800,8.860800,20,18,14242,9909,69.575902,30.424098,11.389317,106.797257,153.379657,10,9,922,698,75.704989,24.295011,48.136753,83.919543,110.850743,35,35,430,429,19232,19184,2.197943,0.009303,0.032670,0,0,0,0,0.000000,0.000000,0.000000,0.000000
AODV,5,1,10,11,100.000000,1000.000000,300.000000,20.000000,10.000000,0,2.000000,RWALK2D,1.000000,0.850000,1.000000,50.000000,20.000000,120.000000,20.000000,-85.000000,20.000000,90.000000,0,10,10,3482,2480,71.223435,28.776565,67.768075,44.214857,62.079086,10,10,13745,9644,70.163696,29.836304,7.914776,101.399771,144.518857,10,9,488,351,71.926230,28.073770,0.305309,6.257829,8.700343,20,19,14233,9995,70.224127,29.775873,7.647551,107.657600,153.219200,10,10,673,429,63.744428,36.255572,2.965519,51.578057,80.913829,22,22,124,121,5428,5300,0.620343,0.003049,0.009609,0,0,0,0,0.000000,0.000000,0.000000,0.000000
AODV,1,1,10,11,100.000000,1000.000000,300.000000,20.000000,10.000000,0,2.000000,GAUSS_MARKOV,1.000000,0.850000,1.000000,50.000000,20.000000,120.000000,20.000000,-85.000000,20.000000,90.000000,0,10,10,3482,1875,53.848363,46.151637,67.027837,33.428571,62.079086,10,9,13745,6460,46.998909,53.001091,2.637547,67.922286,144.518857,10,9,494,267,54.048583,45.951417,0.471569,4.760229,8.807314,20,18,14239,6727,47.243486,52.756514,2.551578,72.682514,153.326171,10,9,885,559,63.163842,36.836158,54.192051,67.207771,106.402286,43,43,202,201,8904,8856,1.017600,0.005871,0.022050,0,0,0,0,0.000000,0.000000,0.000000,0.000000
AODV,2,1,10,11,100.000000,1000.000000,300.000000,20.000000,10.000000,0,2.000000,GAUSS_MARKOV,1.000000,0.850000,1.000000,50.000000,20.000000,120.000000,20.000000,-85.000000,20.000000,90.000000,0,10,10,3482,2599,74.641011,25.358989,112.805371,46.336457,62.079086,10,10,13745,9934,72.273554,27.726446,10.423336,104.448914,144.518857,10,10,512,329,64.257812,35.742188,15.877088,5.865600,9.128229,20,20,14257,10263,71.985691,28.014309,10.598166,110.314514,153.647086,10,10,674,527,78.189911,21.810089,98.413131,63.360457,81.034057,66,63,223,211,10060,9468,1.149714,0.005226,0.016655,0,0,0,0,0.000000,0.000000,0.000000,0.000000
AODV,3,1,10,11,100.000000,1000.000000,300.000000,20.000000,10.000000,0,2.000000,GAUSS_MARKOV,1.000000,0.850000,1.000000,50.000000,20.000000,120.000000,20.000000,-85.000000,20.000000,90.000000,0,10,10,3482,1953,56.088455,43.911545,459.032750,34.819200,62.079086,10,10,13745,7052,51.305929,48.694071,3.404810,74.146743,144.518857,10,9,506,276,54.545455,45.454545,0.336446,4.920686,9.021257,20,19,14251,7328,51.420953,48.579047,3.289244,79.067429,153.540114,10,10,939,510,54.313099,45.686901,318.363690,61.316571,112.894629,40,39,710,707,28996,28868,3.313829,0.018914,0.072516,0,0,0,0,0.000000,0.000000,0.000000,0.000000
AODV,4,1,10,11,100.000000,1000.000000,300.000000,20.000000,10.000000,0,2.000000,GAUSS_MARKOV,1.000000,0.850000,1.000000,50.000000,20.000000,120.000000,20.000000,-85.000000,20.000000,90.000000,0,10,10,3482,1648,47.329121,52.670879,392.862431,29.381486,62.079086,10,10,13745,5900,42.924700,57.075300,16.838178,62.034286,144.518857,10,8,500,225,45.000000,55.000000,0.482146,4.011429,8.914286,20,18,14245,6125,42.997543,57.002457,16.237344,66.045714,153.433143,10,10,626,340,54.313099,45.686901,645.701822,40.877714,75.263086,42,41,405,248,17430,11062,1.992000,0.014614,0.049920,0,0,0,0,0.000000,0.000000,0.000000,0.000000
AODV,5,1,10,11,100.000000,1000.000000,300.000000,20.000000,10.000000,0,2.000000,GAUSS_MARKOV,1.000000,0.850000,1.000000,50.000000,20.000000,120.000000,20.000000,-85.000000,20.000000,90.000000,0,10,10,3482,1990,57.151063,42.848937,323.578084,35.478857,62.079086,10,10,13745,7248,52.731903,47.268097,16.738207,76.207543,144.518857,10,9,488,283,57.991803,42.008197,11.315166,5.045486,8.700343,20,19,14233,7531,52.912246,47.087754,16.534420,81.253029,153.219200,10,8,613,345,56.280587,43.719413,109.944369,41.478857,73.700114,56,55,292,273,13238,12430,1.512914,0.009563,0.029597,0,0,0,0,0.000000,0.000000,0.000000,0.000000
AODV,1,1,10,11,100.000000,1000.000000,300.000000,20.000000,10.000000,0,2.000000,GROUP,1.000000,0.850000,1.000000,50.000000,20.000000,120.000000,20.000000,-85.000000,20.000000,90.000000,0,10,10,3482,2588,74.325101,25.674899,1.204497,46.140343,62.079086,10,10,13745,10224,74.383412,25.616588,1.762175,107.498057,144.518857,10,10,529,404,76.370510,23.629490,0.263737,7.202743,9.431314,20,20,14274,10628,74.457055,25.542945,1.705216,114.700800,153.950171,10,10,789,555,70.342205,29.657795,2.222305,66.726857,94.860343,100,93,404,379,17622,16492,2.013943,0.008850,0.029337,0,0,0,0,0.000000,0.000000,0.000000,0.000000
AODV,2,1,10,11,100.000000,1000.000000,300.000000,20.000000,10.000000,0,2.000000,GROUP,1.000000,0.850000,1.000000,50.000000,20.000000,120.000000,20.000000,-85.000000,20.000000,90.000000,0,10,10,3482,2430,69.787478,30.212522,208.629819,43.323429,62.079086,10,10,13745,9016,65.594762,34.405238,5.351269,94.796800,144.518857,10,10,446,348,78.026906,21.973094,3.142775,6.204343,7.951543,20,20,14191,9364,65.985484,34.014516,5.269193,101.001143,152.470400,10,10,825,435,52.727273,47.272727,188.251122,52.299429,99.188571,95,93,470,458,20850,20274,2.382857,0.012119,0.038433,0,0,0,0,0.000000,0.000000,0.000000,0.000000
AODV,3,1,10,11,100.000000,1000.000000,300.000000,20.000000,10.000000,0,2.000000,GROUP,1.000000,0.850000,1.000000,50.000000,20.000000,120.000000,20.000000,-85.000000,20.000000,90.000000,0,10,10,3482,1906,54.738656,45.261344,244.169415,33.981257,62.079086,10,10,13745,6379,46.409603,53.590397,31.638336,67.070629,144.518857,10,9,486,203,41.769547,58.230453,9.973865,3.619200,8.664686,20,19,14231,6582,46.251142,53.748858,30.970167,70.689829,153.183543,10,10,883,503,56.964892,43.035108,636.093827,60.474971,106.161829,109,104,1126,1084,50006,48066,5.714971,0.034606,0.125236,0,0,0,0,0.000000,0.000000,0.000000,0.000000
AODV,4,1,10,11,100.000000,1000.000000,300.000000,20.000000,10.000000,0,2.000000,GROUP,1.000000,0.850000,1.000000,50.000000,20.000000,120.000000,20.000000,-85.000000,20.000000,90.000000,0,10,10,3482,456,13.095922,86.904078,19.963719,8.129829,62.079086,10,10,13745,1894,13.779556,86.220444,5.768230,19.914057,144.518857,10,4,458,31,6.768559,93.231441,0.262399,0.552686,8.165486,20,14,14203,1925,13.553475,86.446525,5.679565,20.466743,152.684343,10,3,956,27,2.824268,97.175732,1.125850,3.246171,114.938514,79,78,239,223,10300,9612,1.177143,0.036967,0.099252,0,0,0,0,0.000000,0.000000,0.000000,0.000000
AODV,5,1,10,11,100.000000,1000.000000,300.000000,20.000000,10.000000,0,2.000000,GROUP,1.000000,0.850000,1.000000,50.000000,20.000000,120.000000,20.000000,-85.000000,20.000000,90.000000,0,10,10,3482,2250,64.618036,35.381964,560.621410,40.114286,62.079086,10,10,13745,7760,56.456893,43.543107,4.886169,81.590857,144.518857,10,10,446,243,54.484305,45.515695,0.591101,4.332343,7.951543,20,20,14191,8003,56.394898,43.605102,4.755755,85.923200,152.470400,10,10,689,415,60.232221,39.767779,272.670877,49.894857,82.837486,104,95,520,500,22590,21682,2.581714,0.014674,0.048744,0,0,0,0,0.000000,0.000000,0.000000,0.000000
OLSR,1,1,10,11,100.000000,1000.000000,300.000000,20.000000,10.000000,0,2.000000,RWP,1.000000,0.850000,1.000000,50.000000,20.000000,120.000000,20.000000,-85.000000,20.000000,90.000000,0,10,10,2779,2099,75.530766,24.469234,3.235152,37.422171,49.545600,10,10,10526,8055,76.524796,23.475204,4.716193,84.692571,110.673371,9,9,313,230,73.482428,26.517572,2.037638,4.100571,5.580343,19,19,10839,8285,76.436941,23.563059,4.641834,88.793143,116.253714,10,9,676,528,78.106509,21.893491,0.840565,63.480686,81.274514,0,0,0,0,0,0,0.000000,0.000000,0.000000,0,0,0,0,0.000000,0.000000,0.000000,0.000000
OLSR,2,1,10,11,100.000000,1000.000000,300.000000,20.000000,10.000000,0,2.000000,RWP,1.000000,0.850000,1.000000,50.000000,20.000000,120.000000,20.000000,-85.000000,20.000000,90.000000,0,10,10,3377,2631,77.909387,22.090613,7.524576,46.906971,60.207086,10,10,13174,10227,77.630181,22.369819,7.539700,107.529600,138.515200,10,10,392,299,76.275510,23.724490,4.286768,5.330743,6.988800,20,20,13566,10526,77.591036,22.408964,7.447298,112.860343,145.504000,10,10,817,679,83.108935,16.891065,1.026337,81.635200,98.226743,0,0,0,0,0,0,0.000000,0.000000,0.000000,0,0,0,0,0.000000,0.000000,0.000000,0.000000
OLSR,3,1,10,11,100.000000,1000.000000,300.000000,20.000000,10.000000,0,2.000000,RWP,1.000000,0.850000,1.000000,50.000000,20.000000,120.000000,20.000000,-85.000000,20.000000,90.000000,0,10,10,3186,2742,86.064030,13.935970,2.883794,48.885943,56.801829,10,10,12447,10289,82.662489,17.337511,5.941891,108.181486,130.871314,10,10,407,344,84.520885,15.479115,3.385109,6.133029,7.256229,20,20,12854,10633,82.721332,17.278668,5.859173,114.314514,138.127543,10,10,651,557,85.560676,14.439324,1.337707,66.967314,78.268800,0,0,0,0,0,0,0.000000,0.000000,0.000000,0,0,0,0,0.000000,0.000000,0.000000,0.000000
OLSR,4,1,10,11,100.000000,1000.000000,300.000000,20.000000,10.000000,0,2.000000,RWP,1.000000,0.850000,1.000000,50.000000,20.000000,120.000000,20.000000,-85.000000,20.000000,90.000000,0,10,10,2391,1793,74.989544,25.010456,7.347369,31.966629,42.628114,10,10,9005,6995,77.679067,22.320933,4.415115,73.547429,94.681143,10,10,300,229,76.333333,23.666667,0.425577,4.082743,5.348571,20,20,9305,7224,77.635680,22.364320,4.288647,77.630171,100.029714,10,10,446,342,76.681614,23.318386,12.286747,41.118171,53.621943,0,0,0,0,0,0,0.000000,0.000000,0.000000,0,0,0,0,0.000000,0.000000,0.000000,0.000000
OLSR,5,1,10,11,100.000000,1000.000000,300.000000,20.000000,10.000000,0,2.000000,RWP,1.000000,0.850000,1.000000,50.000000,20.000000,120.000000,20.000000,-85.000000,20.000000,90.000000,0,10,10,3280,2572,78.414634,21.585366,1.779443,45.855086,58.477714,10,10,13231,10089,76.252740,23.747260,6.244095,106.078629,139.114514,10,10,425,302,71.058824,28.941176,5.150855,5.384229,7.577143,20,20,13656,10391,76.091095,23.908905,6.212321,111.462857,146.691657,10,10,557,479,85.996409,14.003591,1.064394,57.589486,66.967314,0,0,0,0,0,0,0.000000,0.000000,0.000000,0,0,0,0,0.000000,0.000000,0.000000,0.000000
OLSR,1,1,10,11,100.000000,1000.000000,300.000000,20.000000,10.000000,0,2.000000,RWALK2D,1.000000,0.850000,1.000000,50.000000,20.000000,120.000000,20.000000,-85.000000,20.000000,90.000000,0,3,3,177,61,34.463277,65.536723,40.439066,1.087543,3.155657,3,3,723,298,41.217151,58.782849,2.789432,3.133257,7.601829,2,1,24,6,25.000000,75.000000,0.122960,0.106971,0.427886,5,4,747,304,40.696118,59.303882,2.736805,3.240229,8.029714,2,2,75,37,49.333333,50.666667,0.532561,4.448457,9.017143,0,0,0,0,0,0,0.000000,0.000000,0.000000,0,0,0,0,0.000000,0.000000,0.000000,0.000000
OLSR,2,1,10,11,100.000000,1000.000000,300.000000,20.000000,10.000000,0,2.000000,RWALK2D,1.000000,0.850000,1.000000,50.000000,20.000000,120.000000,20.000000,-85.000000,20.000000,90.000000,0,6,6,963,773,80.269990,19.730010,1.855659,13.781486,17.168914,6,6,3889,3050,78.426331,21.573669,2.033809,32.068571,40.890057,6,6,172,156,90.697674,9.302326,0.392156,2.781257,3.066514,12,12,4061,3206,78.946072,21.053928,1.953928,34.849829,43.956571,6,6,254,202,79.527559,20.472441,1.191456,24.286171,30.538057,0,0,0,0,0,0,0.000000,0.000000,0.000000,0,0,0,0,0.000000,0.000000,0.000000,0.000000
OLSR,3,1,10,11,100.000000,1000.000000,300.000000,20.000000,10.000000,0,2.000000,RWALK2D,1.000000,0.850000,1.000000,50.000000,20.000000,120.000000,20.000000,-85.000000,20.000000,90.000000,0,5,5,1603,1079,67.311291,32.688709,12.183513,19.237029,28.579200,5,5,6710,4950,73.770492,26.229508,3.743173,52.045714,70.550857,5,5,166,136,81.927711,18.072289,0.346000,2.424686,2.959543,10,10,6876,5086,73.967423,26.032577,3.652332,54.470400,73.510400,5,5,372,240,64.516129,35.483871,1.756048,28.854857,44.725029,0,0,0,0,0,0,0.000000,0.000000,0.000000,0,0,0,0,0.000000,0.000000,0.000000,0.000000
OLSR,4,1,10,11,100.000000,1000.000000,300.000000,20.000000,10.000000,0,2.000000,RWALK2D,1.000000,0.850000,1.000000,50.000000,20.000000,120.000000,20.000000,-85.000000,20.000000,90.000000,0,8,8,2366,2027,85.672020,14.327980,2.847924,36.138514,42.182400,8,8,9498,8150,85.807538,14.192462,2.413221,85.691429,99.864686,8,8,340,290,85.294118,14.705882,0.732785,5.170286,6.061714,16,16,9838,8440,85.789795,14.210205,2.355481,90.861714,105.926400,8,8,656,608,92.682927,7.317073,0.990245,73.098971,78.869943,0,0,0,0,0,0,0.000000,0.000000,0.000000,0,0,0,0,0.000000,0.000000,0.000000,0.000000
OLSR,5,1,10,11,100.000000,1000.000000,300.000000,20.000000,10.000000,0,2.000000,RWALK2D,1.000000,0.850000,1.000000,50.000000,20.000000,120.000000,20.000000,-85.000000,20.000000,90.000000,0,9,8,2373,1777,74.884113,25.115887,0.817588,31.681371,42.307200,10,9,9658,8914,92.296542,7.703458,1.513207,93.724343,101.546971,9,9,347,330,95.100865,4.899135,0.260579,5.883429,6.186514,19,18,10005,9244,92.393803,7.606197,1.468489,99.607771,107.733486,9,7,449,321,71.492205,28.507795,0.647885,38.593371,53.982629,0,0,0,0,0,0,0.000000,0.000000,0.000000,0,0,0,0,0.000000,0.000000,0.000000,0.000000
OLSR,1,1,10,11,100.000000,1000.000000,300.000000,20.000000,10.000000,0,2.000000,GAUSS_MARKOV,1.000000,0.850000,1.000000,50.000000,20.000000,120.000000,20.000000,-85.000000,20.000000,90.000000,0,9,9,1642,1326,80.755177,19.244823,8.477975,23.640686,29.274514,10,10,6695,5303,79.208364,20.791636,3.632247,55.757257,70.393143,10,9,297,203,68.350168,31.649832,3.424366,3.619200,5.295086,20,19,6992,5506,78.747140,21.252860,3.624583,59.376457,75.688229,9,9,509,400,78.585462,21.414538,8.982371,48.091429,61.196343,0,0,0,0,0,0,0.000000,0.000000,0.000000,0,0,0,0,0.000000,0.000000,0.000000,0.000000
OLSR,2,1,10,11,100.000000,1000.000000,300.000000,20.000000,10.000000,0,2.000000,GAUSS_MARKOV,1.000000,0.850000,1.000000,50.000000,20.000000,120.000000,20.000000,-85.000000,20.000000,90.000000,0,10,10,2474,1941,78.455942,21.544058,6.377840,34.605257,44.107886,10,10,10145,7642,75.327748,24.672252,5.503870,80.350171,106.667429,10,9,340,247,72.647059,27.352941,1.366744,4.403657,6.061714,20,19,10485,7889,75.240820,24.759180,5.374339,84.753829,112.729143,10,10,520,376,72.307692,27.692308,0.987106,45.205943,62.518857,0,0,0,0,0,0,0.000000,0.000000,0.000000,0,0,0,0,0.000000,0.000000,0.000000,0.000000
OLSR,3,1,10,11,100.000000,1000.000000,300.000000,20.000000,10.000000,0,2.000000,GAUSS_MARKOV,1.000000,0.850000,1.000000,50.000000,20.000000,120.000000,20.000000,-85.000000,20.000000,90.000000,0,9,9,1713,1425,83.187391,16.812609,4.613719,25.405714,30.540343,9,9,7236,5786,79.961305,20.038695,3.699209,60.835657,76.081371,8,8,288,246,85.416667,14.583333,1.119295,4.385829,5.134629,17,17,7524,6032,80.170122,19.829878,3.593994,65.221486,81.216000,9,9,504,411,81.547619,18.452381,0.682711,49.413943,60.595200,0,0,0,0,0,0,0.000000,0.000000,0.000000,0,0,0,0,0.000000,0.000000,0.000000,0.000000
OLSR,4,1,10,11,100.000000,1000.000000,300.000000,20.000000,10.000000,0,2.000000,GAUSS_MARKOV,1.000000,0.850000,1.000000,50.000000,20.000000,120.000000,20.000000,-85.000000,20.000000,90.000000,0,10,10,1704,1005,58.978873,41.021127,7.570535,17.917714,30.379886,10,9,6082,3948,64.912858,35.087142,4.809952,41.510400,63.947886,10,8,221,151,68.325792,31.674208,1.776575,2.692114,3.940114,20,17,6303,4099,65.032524,34.967476,4.698208,44.202514,67.888000,9,9,345,217,62.898551,37.101449,2.957651,26.089600,41.478857,0,0,0,0,0,0,0.000000,0.000000,0.000000,0,0,0,0,0.000000,0.000000,0.000000,0.000000
OLSR,5,1,10,11,100.000000,1000.000000,300.000000,20.000000,10.000000,0,2.000000,GAUSS_MARKOV,1.000000,0.850000,1.000000,50.000000,20.000000,120.000000,20.000000,-85.000000,20.000000,90.000000,0,10,9,2031,1284,63.220089,36.779911,3.463659,22.891886,36.209829,10,9,8299,5021,60.501265,39.498735,5.065782,52.792229,87.258057,10,9,354,219,61.864407,38.135593,3.460509,3.904457,6.311314,20,18,8653,5240,60.557032,39.442968,4.998691,56.696686,93.569371,8,8,389,298,76.606684,23.393316,0.746785,35.828114,46.768914,0,0,0,0,0,0,0.000000,0.000000,0.000000,0,0,0,0,0.000000,0.000000,0.000000,0.000000
OLSR,1,1,10,11,100.000000,1000.000000,300.000000,20.000000,10.000000,0,2.000000,GROUP,1.000000,0.850000,1.000000,50.000000,20.000000,120.000000,20.000000,-85.000000,20.000000,90.000000,0,10,10,2738,2372,86.632579,13.367421,3.771458,42.289371,48.814629,10,10,11435,9524,83.288150,16.711850,2.607167,100.138057,120.230857,10,10,455,374,82.197802,17.802198,1.437478,6.667886,8.112000,20,20,11890,9898,83.246426,16.753574,2.562970,106.805943,128.342857,10,10,613,505,82.381729,17.618271,0.438547,60.715429,73.700114,0,0,0,0,0,0,0.000000,0.000000,0.000000,0,0,0,0,0.000000,0.000000,0.000000,0.000000
OLSR,2,1,10,11,100.000000,1000.000000,300.000000,20.000000,10.000000,0,2.000000,GROUP,1.000000,0.850000,1.000000,50.000000,20.000000,120.000000,20.000000,-85.000000,20.000000,90.000000,0,10,10,2516,1950,77.503975,22.496025,0.856655,34.765714,44.856686,10,10,9805,7859,80.152983,19.847017,2.163717,82.631771,103.092571,10,10,344,286,83.139535,16.860465,0.992992,5.098971,6.133029,20,20,10149,8145,80.254212,19.745788,2.122609,87.730743,109.225600,10,10,560,335,59.821429,40.178571,0.485007,40.276571,67.328000,0,0,0,0,0,0,0.000000,0.000000,0.000000,0,0,0,0,0.000000,0.000000,0.000000,0.000000
OLSR,3,1,10,11,100.000000,1000.000000,300.000000,20.000000,10.000000,0,2.000000,GROUP,1.000000,0.850000,1.000000,50.000000,20.000000,120.000000,20.000000,-85.000000,20.000000,90.000000,0,10,10,1988,1293,65.040241,34.959759,4.956809,23.052343,35.443200,10,10,7805,5286,67.725817,32.274183,3.668212,55.578514,82.064000,9,9,259,155,59.845560,40.154440,2.963479,2.763429,4.617600,19,19,8064,5441,67.472718,32.527282,3.648136,58.341943,86.681600,10,8,398,258,64.824121,35.175879,0.442304,31.018971,47.850971,0,0,0,0,0,0,0.000000,0.000000,0.000000,0,0,0,0,0.000000,0.000000,0.000000,0.000000
OLSR,4,1,10,11,100.000000,1000.000000,300.000000,20.000000,10.000000,0,2.000000,GROUP,1.000000,0.850000,1.000000,50.000000,20.000000,120.000000,20.000000,-85.000000,20.000000,90.000000,0,10,10,788,291,36.928934,63.071066,37.848376,5.188114,14.048914,10,10,3015,1073,35.588723,64.411277,8.021413,11.281829,31.700571,7,3,56,21,37.500000,62.500000,3.392192,0.374400,0.998400,17,13,3071,1094,35.623575,64.376425,7.932552,11.656229,32.698971,4,0,64,0,0.000000,100.000000,nan,0.000000,7.694629,0,0,0,0,0,0,0.000000,0.000000,0.000000,0,0,0,0,0.000000,0.000000,0.000000,0.000000
OLSR,5,1,10,11,100.000000,1000.000000,300.000000,20.000000,10.000000,0,2.000000,GROUP,1.000000,0.850000,1.000000,50.000000,20.000000,120.000000,20.000000,-85.000000,20.000000,90.000000,0,10,10,2281,1737,76.150811,23.849189,1.403386,30.968229,40.666971,10,10,8565,6912,80.700525,19.299475,3.279405,72.674743,90.054857,10,10,261,183,70.114943,29.885057,1.980529,3.262629,4.653257,20,20,8826,7095,80.387492,19.612508,3.245903,75.937371,94.708114,10,10,439,295,67.198178,32.801822,0.486595,35.467429,52.780343,0,0,0,0,0,0,0.000000,0.000000,0.000000,0,0,0,0,0.000000,0.000000,0.000000,0.000000
DSDV,1,1,10,11,100.000000,1000.000000,300.000000,20.000000,10.000000,0,2.000000,RWP,1.000000,0.850000,1.000000,50.000000,20.000000,120.000000,20.000000,-85.000000,20.000000,90.000000,0,10,10,3482,1993,57.237220,42.762780,21.858585,35.532343,62.079086,10,10,13745,7122,51.815206,48.184794,9.405296,74.882743,144.518857,10,9,374,203,54.278075,45.721925,14.465597,3.619200,6.667886,20,19,14119,7325,51.880445,48.119555,9.545533,78.501943,151.186743,10,9,805,415,51.552795,48.447205,3.897933,49.894857,96.784000,0,0,0,0,0,0,0.000000,0.000000,0.000000,0,0,0,0,0.000000,0.000000,0.000000,0.000000
DSDV,2,1,10,11,100.000000,1000.000000,300.000000,20.000000,10.000000,0,2.000000,RWP,1.000000,0.850000,1.000000,50.000000,20.000000,120.000000,20.000000,-85.000000,20.000000,90.000000,0,10,10,3482,2295,65.910396,34.089604,26.971582,40.916571,62.079086,10,10,13745,9966,72.506366,27.493634,11.100351,104.785371,144.518857,10,10,416,256,61.538462,38.461538,5.516580,4.564114,7.416686,20,20,14161,10222,72.184168,27.815832,10.960511,109.349486,151.935543,10,10,858,551,64.219114,35.780886,0.930109,66.245943,103.156114,0,0,0,0,0,0,0.000000,0.000000,0.000000,0,0,0,0,0.000000,0.000000,0.000000,0.000000
DSDV,3,1,10,11,100.000000,1000.000000,300.000000,20.000000,10.000000,0,2.000000,RWP,1.000000,0.850000,1.000000,50.000000,20.000000,120.000000,20.000000,-85.000000,20.000000,90.000000,0,10,10,3482,2557,73.434808,26.565192,20.652165,45.587657,62.079086,10,10,13745,9902,72.040742,27.959258,7.757529,104.112457,144.518857,10,10,466,331,71.030043,28.969957,5.700140,5.901257,8.308114,20,20,14211,10233,72.007600,27.992400,7.690980,110.013714,152.826971,10,10,670,493,73.582090,26.417910,1.348826,59.272686,80.553143,0,0,0,0,0,0,0.000000,0.000000,0.000000,0,0,0,0,0.000000,0.000000,0.000000,0.000000
DSDV,4,1,10,11,100.000000,1000.000000,300.000000,20.000000,10.000000,0,2.000000,RWP,1.000000,0.850000,1.000000,50.000000,20.000000,120.000000,20.000000,-85.000000,20.000000,90.000000,0,10,10,3482,1373,39.431361,60.568639,1.926562,24.478629,62.079086,10,9,13745,5348,38.908694,61.091306,4.439013,56.230400,144.518857,10,9,459,191,41.612200,58.387800,3.070010,3.405257,8.183314,20,18,14204,5539,38.996057,61.003943,4.391806,59.635657,152.702171,10,9,735,242,32.925170,67.074830,1.132941,29.095314,88.368000,0,0,0,0,0,0,0.000000,0.000000,0.000000,0,0,0,0,0.000000,0.000000,0.000000,0.000000
DSDV,5,1,10,11,100.000000,1000.000000,300.000000,20.000000,10.000000,0,2.000000,RWP,1.000000,0.850000,1.000000,50.000000,20.000000,120.000000,20.000000,-85.000000,20.000000,90.000000,0,10,10,3482,2437,69.988512,30.011488,1.214672,43.448229,62.079086,10,10,13745,8743,63.608585,36.391415,11.475751,91.926400,144.518857,10,10,446,272,60.986547,39.013453,7.545735,4.849371,7.951543,20,20,14191,9015,63.526179,36.473821,11.357174,96.775771,152.470400,10,10,581,451,77.624785,22.375215,0.775939,54.223086,69.852800,0,0,0,0,0,0,0.000000,0.000000,0.000000,0,0,0,0,0.000000,0.000000,0.000000,0.000000
DSDV,1,1,10,11,100.000000,1000.000000,300.000000,20.000000,10.000000,0,2.000000,RWALK2D,1.000000,0.850000,1.000000,50.000000,20.000000,120.000000,20.000000,-85.000000,20.000000,90.000000,0,10,3,3482,36,1.033889,98.966111,28.448593,0.641829,62.079086,10,3,13745,231,1.680611,98.319389,5.911901,2.428800,144.518857,10,2,542,12,2.214022,97.785978,0.936814,0.213943,9.663086,20,5,14287,243,1.700847,98.299153,5.666218,2.642743,154.181943,10,2,911,12,1.317234,98.682766,0.881508,1.442743,109.528229,0,0,0,0,0,0,0.000000,0.000000,0.000000,0,0,0,0,0.000000,0.000000,0.000000,0.000000
DSDV,2,1,10,11,100.000000,1000.000000,300.000000,20.000000,10.000000,0,2.000000,RWALK2D,1.000000,0.850000,1.000000,50.000000,20.000000,120.000000,20.000000,-85.000000,20.000000,90.000000,0,10,6,3482,781,22.429638,77.570362,2.404143,13.924114,62.079086,10,6,13745,3046,22.160786,77.839214,3.138420,32.026514,144.518857,10,6,461,147,31.887202,68.112798,1.935428,2.620800,8.218971,20,12,14206,3193,22.476418,77.523582,3.083036,34.647314,152.737829,10,6,878,236,26.879271,73.120729,2.022805,28.373943,105.560686,0,0,0,0,0,0,0.000000,0.000000,0.000000,0,0,0,0,0.000000,0.000000,0.000000,0.000000
DSDV,3,1,10,11,100.000000,1000.000000,300.000000,20.000000,10.000000,0,2.000000,RWALK2D,1.000000,0.850000,1.000000,50.000000,20.000000,120.000000,20.000000,-85.000000,20.000000,90.000000,0,10,5,3482,1088,31.246410,68.753590,3.032201,19.397486,62.079086,10,5,13745,5439,39.570753,60.429247,3.040732,57.187200,144.518857,10,5,431,137,31.786543,68.213457,0.837792,2.442514,7.684114,20,10,14176,5576,39.334086,60.665914,2.986606,59.629714,152.202971,10,5,1045,230,22.009569,77.990431,1.557668,27.652571,125.638857,0,0,0,0,0,0,0.000000,0.000000,0.000000,0,0,0,0,0.000000,0.000000,0.000000,0.000000
DSDV,4,1,10,11,100.000000,1000.000000,300.000000,20.000000,10.000000,0,2.000000,RWALK2D,1.000000,0.850000,1.000000,50.000000,20.000000,120.000000,20.000000,-85.000000,20.000000,90.000000,0,10,8,3482,1996,57.323377,42.676623,6.029335,35.585829,62.079086,10,8,13745,8288,60.298290,39.701710,3.249559,87.142400,144.518857,10,8,497,309,62.173038,37.826962,1.879238,5.509029,8.860800,20,16,14242,8597,60.363713,39.636287,3.200306,92.651429,153.379657,10,8,922,599,64.967462,35.032538,1.037222,72.016914,110.850743,0,0,0,0,0,0,0.000000,0.000000,0.000000,0,0,0,0,0.000000,0.000000,0.000000,0.000000
DSDV,5,1,10,11,100.000000,1000.000000,300.000000,20.000000,10.000000,0,2.000000,RWALK2D,1.000000,0.850000,1.000000,50.000000,20.000000,120.000000,20.000000,-85.000000,20.000000,90.000000,0,10,8,3482,2150,61.746123,38.253877,42.610215,38.331429,62.079086,10,8,13745,8534,62.088032,37.911968,7.588641,89.728914,144.518857,10,8,488,312,63.934426,36.065574,0.323988,5.562514,8.700343,20,16,14233,8846,62.151338,37.848662,7.332416,95.291429,153.219200,10,8,673,372,55.274889,44.725111,1.544641,44.725029,80.913829,0,0,0,0,0,0,0.000000,0.000000,0.000000,0,0,0,0,0.000000,0.000000,0.000000,0.000000
DSDV,1,1,10,11,100.000000,1000.000000,300.000000,20.000000,10.000000,0,2.000000,GAUSS_MARKOV,1.000000,0.850000,1.000000,50.000000,20.000000,120.000000,20.000000,-85.000000,20.000000,90.000000,0,10,9,3482,1126,32.337737,67.662263,7.395313,20.074971,62.079086,10,9,13745,4992,36.318661,63.681339,7.621147,52.487314,144.518857,10,9,494,190,38.461538,61.538462,4.466404,3.387429,8.807314,20,18,14239,5182,36.393005,63.606995,7.505477,55.874743,153.326171,10,8,885,378,42.711864,57.288136,2.577491,45.446400,106.402286,0,0,0,0,0,0,0.000000,0.000000,0.000000,0,0,0,0,0.000000,0.000000,0.000000,0.000000
DSDV,2,1,10,11,100.000000,1000.000000,300.000000,20.000000,10.000000,0,2.000000,GAUSS_MARKOV,1.000000,0.850000,1.000000,50.000000,20.000000,120.000000,20.000000,-85.000000,20.000000,90.000000,0,10,9,3482,1467,42.130959,57.869041,3.654103,26.154514,62.079086,10,10,13745,6300,45.834849,54.165151,11.287658,66.240000,144.518857,10,10,512,213,41.601562,58.398438,5.895794,3.797486,9.128229,20,20,14257,6513,45.682822,54.317178,11.111323,70.037486,153.647086,10,8,674,308,45.697329,54.302671,1.078330,37.030400,81.034057,0,0,0,0,0,0,0.000000,0.000000,0.000000,0,0,0,0,0.000000,0.000000,0.000000,0.000000
DSDV,3,1,10,11,100.000000,1000.000000,300.000000,20.000000,10.000000,0,2.000000,GAUSS_MARKOV,1.000000,0.850000,1.000000,50.000000,20.000000,120.000000,20.000000,-85.000000,20.000000,90.000000,0,10,6,3482,992,28.489374,71.510626,3.702500,17.685943,62.079086,10,8,13745,3830,27.864678,72.135322,53.907956,40.269714,144.518857,10,6,506,171,33.794466,66.205534,4.305853,3.048686,9.021257,20,14,14251,4001,28.075223,71.924777,51.787996,43.318400,153.540114,10,6,939,307,32.694356,67.305644,3.675459,36.910171,112.894629,0,0,0,0,0,0,0.000000,0.000000,0.000000,0,0,0,0,0.000000,0.000000,0.000000,0.000000
DSDV,4,1,10,11,100.000000,1000.000000,300.000000,20.000000,10.000000,0,2.000000,GAUSS_MARKOV,1.000000,0.850000,1.000000,50.000000,20.000000,120.000000,20.000000,-85.000000,20.000000,90.000000,0,10,9,3482,707,20.304423,79.695577,13.257708,12.604800,62.079086,10,8,13745,2862,20.822117,79.177883,14.187383,30.091886,144.518857,10,6,500,83,16.600000,83.400000,10.358865,1.479771,8.914286,20,14,14245,2945,20.673921,79.326079,14.079482,31.571657,153.433143,10,6,626,122,19.488818,80.511182,28.988345,14.667886,75.263086,0,0,0,0,0,0,0.000000,0.000000,0.000000,0,0,0,0,0.000000,0.000000,0.000000,0.000000
DSDV,5,1,10,11,100.000000,1000.000000,300.000000,20.000000,10.000000,0,2.000000,GAUSS_MARKOV,1.000000,0.850000,1.000000,50.000000,20.000000,120.000000,20.000000,-85.000000,20.000000,90.000000,0,10,9,3482,1024,29.408386,70.591614,2.180208,18.256457,62.079086,10,9,13745,4093,29.778101,70.221899,15.465820,43.034971,144.518857,10,8,488,140,28.688525,71.311475,10.695467,2.496000,8.700343,20,17,14233,4233,29.740743,70.259257,15.308048,45.530971,153.219200,10,7,613,257,41.924959,58.075041,1.108595,30.898743,73.700114,0,0,0,0,0,0,0.000000,0.000000,0.000000,0,0,0,0,0.000000,0.000000,0.000000,0.000000
DSDV,1,1,10,11,100.000000,1000.000000,300.000000,20.000000,10.000000,0,2.000000,GROUP,1.000000,0.850000,1.000000,50.000000,20.000000,120.000000,20.000000,-85.000000,20.000000,90.000000,0,10,10,3482,2443,70.160827,29.839173,0.858689,43.555200,62.079086,10,10,13745,9047,65.820298,34.179702,17.085669,95.122743,144.518857,10,10,529,353,66.729679,33.270321,1.332027,6.293486,9.431314,20,20,14274,9400,65.854000,34.146000,16.494070,101.416229,153.950171,10,10,789,505,64.005070,35.994930,0.480265,60.715429,94.860343,0,0,0,0,0,0,0.000000,0.000000,0.000000,0,0,0,0,0.000000,0.000000,0.000000,0.000000
DSDV,2,1,10,11,100.000000,1000.000000,300.000000,20.000000,10.000000,0,2.000000,GROUP,1.000000,0.850000,1.000000,50.000000,20.000000,120.000000,20.000000,-85.000000,20.000000,90.000000,0,10,10,3482,2036,58.472142,41.527858,0.811616,36.298971,62.079086,10,10,13745,7687,55.925791,44.074209,2.373937,80.823314,144.518857,10,10,446,275,61.659193,38.340807,1.193341,4.902857,7.951543,20,20,14191,7962,56.105983,43.894017,2.333160,85.726171,152.470400,10,10,825,356,43.151515,56.848485,0.440209,42.801371,99.188571,0,0,0,0,0,0,0.000000,0.000000,0.000000,0,0,0,0,0.000000,0.000000,0.000000,0.000000
DSDV,3,1,10,11,100.000000,1000.000000,300.000000,20.000000,10.000000,0,2.000000,GROUP,1.000000,0.850000,1.000000,50.000000,20.000000,120.000000,20.000000,-85.000000,20.000000,90.000000,0,10,10,3482,1344,38.598507,61.401493,5.695814,23.961600,62.079086,10,10,13745,5094,37.060749,62.939251,3.944753,53.559771,144.518857,10,9,486,151,31.069959,68.930041,2.450069,2.692114,8.664686,20,19,14231,5245,36.856159,63.143841,3.901722,56.251886,153.183543,10,9,883,255,28.878822,71.121178,4.557696,30.658286,106.161829,0,0,0,0,0,0,0.000000,0.000000,0.000000,0,0,0,0,0.000000,0.000000,0.000000,0.000000
DSDV,4,1,10,11,100.000000,1000.000000,300.000000,20.000000,10.000000,0,2.000000,GROUP,1.000000,0.850000,1.000000,50.000000,20.000000,120.000000,20.000000,-85.000000,20.000000,90.000000,0,10,7,3482,227,6.519242,93.480758,24.306172,4.047086,62.079086,10,10,13745,879,6.395053,93.604947,9.137627,9.242057,144.518857,10,2,458,11,2.401747,97.598253,3.376976,0.196114,8.165486,20,12,14203,890,6.266282,93.733718,9.066428,9.438171,152.684343,10,0,956,0,0.000000,100.000000,nan,0.000000,114.938514,0,0,0,0,0,0,0.000000,0.000000,0.000000,0,0,0,0,0.000000,0.000000,0.000000,0.000000
DSDV,5,1,10,11,100.000000,1000.000000,300.000000,20.000000,10.000000,0,2.000000,GROUP,1.000000,0.850000,1.000000,50.000000,20.000000,120.000000,20.000000,-85.000000,20.000000,90.000000,0,10,10,3482,1793,51.493395,48.506605,0.787424,31.966629,62.079086,10,10,13745,6769,49.246999,50.753001,4.211977,71.171200,144.518857,10,9,446,186,41.704036,58.295964,4.483505,3.316114,7.951543,20,19,14191,6955,49.009936,50.990064,4.219238,74.487314,152.470400,10,10,689,322,46.734398,53.265602,0.441227,38.713600,82.837486,0,0,0,0,0,0,0.000000,0.000000,0.000000,0,0,0,0,0.000000,0.000000,0.000000,0.000000
AODV_ETX,1,1,10,11,100.000000,1000.000000,300.000000,20.000000,10.000000,0,2.000000,RWP,1.000000,0.850000,1.000000,50.000000,20.000000,120.000000,20.000000,-85.000000,20.000000,90.000000,0,10,10,3482,2614,75.071798,24.928202,18.421530,46.603886,62.079086,10,10,13745,10318,75.067297,24.932703,3.721732,108.486400,144.518857,10,9,374,302,80.748663,19.251337,0.346456,5.384229,6.667886,20,19,14119,10620,75.217792,24.782208,3.625750,113.870629,151.186743,10,9,805,622,77.267081,22.732919,1.700369,74.782171,96.784000,78,74,512,496,24280,23480,2.774857,0.011795,0.036952,0,0,0,0,0.000000,0.000000,0.000000,0.000000
AODV_ETX,2,1,10,11,100.000000,1000.000000,300.000000,20.000000,10.000000,0,2.000000,RWP,1.000000,0.850000,1.000000,50.000000,20.000000,120.000000,20.000000,-85.000000,20.000000,90.000000,0,10,10,3482,3107,89.230327,10.769673,8.932555,55.393371,62.079086,10,10,13745,12988,94.492543,5.507457,4.360616,136.559543,144.518857,10,10,416,394,94.711538,5.288462,0.714495,7.024457,7.416686,20,20,14161,13382,94.498976,5.501024,4.253265,143.584000,151.935543,10,10,858,747,87.062937,12.937063,9.226554,89.810743,103.156114,97,94,1166,1127,55752,53792,6.371657,0.022063,0.067649,0,0,0,0,0.000000,0.000000,0.000000,0.000000
AODV_ETX,3,1,10,11,100.000000,1000.000000,300.000000,20.000000,10.000000,0,2.000000,RWP,1.000000,0.850000,1.000000,50.000000,20.000000,120.000000,20.000000,-85.000000,20.000000,90.000000,0,10,10,3482,2988,85.812751,14.187249,30.422346,53.271771,62.079086,10,10,13745,12324,89.661695,10.338305,20.410719,129.578057,144.518857,10,10,466,413,88.626609,11.373391,13.343186,7.363200,8.308114,20,20,14211,12737,89.627753,10.372247,20.181552,136.941257,152.826971,10,10,670,607,90.597015,9.402985,10.964077,72.978743,80.553143,82,79,1218,1158,59424,56610,6.791314,0.025804,0.074578,0,0,0,0,0.000000,0.000000,0.000000,0.000000
AODV_ETX,4,1,10,11,100.000000,1000.000000,300.000000,20.000000,10.000000,0,2.000000,RWP,1.000000,0.850000,1.000000,50.000000,20.000000,120.000000,20.000000,-85.000000,20.000000,90.000000,0,10,10,3482,2543,73.032740,26.967260,50.508258,45.338057,62.079086,10,10,13745,10090,73.408512,26.591488,37.506850,106.089143,144.518857,10,10,459,343,74.727669,25.272331,12.254442,6.115200,8.183314,20,20,14204,10433,73.451141,26.548859,36.676640,112.204343,152.702171,10,10,735,532,72.380952,27.619048,80.788866,63.961600,88.368000,64,62,1048,1025,50158,48918,5.732343,0.025879,0.077584,0,0,0,0,0.000000,0.000000,0.000000,0.000000
AODV_ETX,5,1,10,11,100.000000,1000.000000,300.000000,20.000000,10.000000,0,2.000000,RWP,1.000000,0.850000,1.000000,50.000000,20.000000,120.000000,20.000000,-85.000000,20.000000,90.000000,0,10,10,3482,3192,91.671453,8.328547,45.460430,56.908800,62.079086,10,10,13745,12595,91.633321,8.366679,21.004418,132.427429,144.518857,10,10,446,398,89.237668,10.762332,20.180651,7.095771,7.951543,20,20,14191,12993,91.558030,8.441970,20.979184,139.523200,152.470400,10,10,581,543,93.459552,6.540448,2.746870,65.284114,69.852800,66,64,827,774,39842,37428,4.553371,0.017398,0.049438,0,0,0,0,0.000000,0.000000,0.000000,0.000000
AODV_ETX,1,1,10,11,100.000000,1000.000000,300.000000,20.000000,10.000000,0,2.000000,RWALK2D,1.000000,0.850000,1.000000,50.000000,20.000000,120.000000,20.000000,-85.000000,20.000000,90.000000,0,10,3,3482,142,4.078116,95.921884,68.282376,2.531657,62.079086,10,3,13745,527,3.834121,96.165879,9.927492,5.541029,144.518857,10,2,542,24,4.428044,95.571956,0.206231,0.427886,9.663086,20,5,14287,551,3.856653,96.143347,9.504062,5.968914,154.181943,10,2,911,46,5.049396,94.950604,0.581390,5.530514,109.528229,10,10,39,39,1836,1836,0.209829,0.014955,0.052774,0,0,0,0,0.000000,0.000000,0.000000,0.000000
AODV_ETX,2,1,10,11,100.000000,1000.000000,300.000000,20.000000,10.000000,0,2.000000,RWALK2D,1.000000,0.850000,1.000000,50.000000,20.000000,120.000000,20.000000,-85.000000,20.000000,90.000000,0,10,6,3482,945,27.139575,72.860425,124.856726,16.848000,62.079086,10,6,13745,3390,24.663514,75.336486,5.263637,35.643429,144.518857,10,6,461,179,38.828633,61.171367,0.338334,3.191314,8.218971,20,12,14206,3569,25.123187,74.876813,5.016613,38.834743,152.737829,10,6,878,274,31.207289,68.792711,225.960065,32.942629,105.560686,16,16,130,128,6138,6038,0.701486,0.007915,0.027151,0,0,0,0,0.000000,0.000000,0.000000,0.000000
AODV_ETX,3,1,10,11,100.000000,1000.000000,300.000000,20.000000,10.000000,0,2.000000,RWALK2D,1.000000,0.850000,1.000000,50.000000,20.000000,120.000000,20.000000,-85.000000,20.000000,90.000000,0,10,5,3482,1437,41.269385,58.730615,5.320056,25.619657,62.079086,10,5,13745,6407,46.613314,53.386686,3.361661,67.365029,144.518857,10,5,431,161,37.354988,62.645012,8.584261,2.870400,7.684114,20,10,14176,6568,46.331828,53.668172,3.489682,70.235429,152.202971,10,5,1045,359,34.354067,65.645933,1.216062,43.162057,125.638857,22,21,305,262,14744,12534,1.685029,0.012121,0.036466,0,0,0,0,0.000000,0.000000,0.000000,0.000000
AODV_ETX,4,1,10,11,100.000000,1000.000000,300.000000,20.000000,10.000000,0,2.000000,RWALK2D,1.000000,0.850000,1.000000,50.000000,20.000000,120.000000,20.000000,-85.000000,20.000000,90.000000,0,10,9,3482,2191,62.923607,37.076393,123.875490,39.062400,62.079086,10,9,13745,9310,67.733721,32.266279,8.521682,97.888000,144.518857,10,8,497,342,68.812877,31.187123,0.433213,6.097371,8.860800,20,17,14242,9652,67.771380,32.228620,8.235082,103.985371,153.379657,10,9,922,608,65.943601,34.056399,208.197495,73.098971,110.850743,35,34,420,400,20184,19192,2.306743,0.010672,0.033732,0,0,0,0,0.000000,0.000000,0.000000,0.000000
AODV_ETX,5,1,10,11,100.000000,1000.000000,300.000000,20.000000,10.000000,0,2.000000,RWALK2D,1.000000,0.850000,1.000000,50.000000,20.000000,120.000000,20.000000,-85.000000,20.000000,90.000000,0,10,9,3482,2304,66.168868,33.831132,57.667624,41.077029,62.079086,10,10,13745,9592,69.785377,30.214623,5.891089,100.853029,144.518857,10,9,488,351,71.926230,28.073770,0.275359,6.257829,8.700343,20,19,14233,9943,69.858779,30.141221,5.692847,107.110857,153.219200,10,9,673,399,59.286776,40.713224,2.817971,47.971200,80.913829,29,29,407,404,17248,17104,1.971200,0.010049,0.032184,0,0,0,0,0.000000,0.000000,0.000000,0.000000
AODV_ETX,1,1,10,11,100.000000,1000.000000,300.000000,20.000000,10.000000,0,2.000000,GAUSS_MARKOV,1.000000,0.850000,1.000000,50.000000,20.000000,120.000000,20.000000,-85.000000,20.000000,90.000000,0,10,10,3482,1805,51.838024,48.161976,47.951563,32.180571,62.079086,10,10,13745,7187,52.288105,47.711895,10.018441,75.566171,144.518857,10,10,494,306,61.943320,38.056680,13.790686,5.455543,8.807314,20,20,14239,7493,52.623077,47.376923,10.172493,81.021714,153.326171,10,9,885,536,60.564972,39.435028,57.272852,64.442514,106.402286,54,53,486,464,23004,21924,2.629029,0.014799,0.049420,0,0,0,0,0.000000,0.000000,0.000000,0.000000
AODV_ETX,2,1,10,11,100.000000,1000.000000,300.000000,20.000000,10.000000,0,2.000000,GAUSS_MARKOV,1.000000,0.850000,1.000000,50.000000,20.000000,120.000000,20.000000,-85.000000,20.000000,90.000000,0,10,10,3482,2517,72.286043,27.713957,121.328394,44.874514,62.079086,10,10,13745,9824,71.473263,28.526737,9.131497,103.292343,144.518857,10,10,512,328,64.062500,35.937500,0.457873,5.847771,9.128229,20,20,14257,10152,71.207126,28.792874,8.851262,109.140114,153.647086,10,10,674,513,76.112760,23.887240,105.026896,61.677257,81.034057,72,70,318,308,14926,14418,1.705829,0.007909,0.024124,0,0,0,0,0.000000,0.000000,0.000000,0.000000
AODV_ETX,3,1,10,11,100.000000,1000.000000,300.000000,20.000000,10.000000,0,2.000000,GAUSS_MARKOV,1.000000,0.850000,1.000000,50.000000,20.000000,120.000000,20.000000,-85.000000,20.000000,90.000000,0,10,10,3482,1801,51.723148,48.276852,508.356366,32.109257,62.079086,10,10,13745,6879,50.047290,49.952710,3.467619,72.327771,144.518857,10,9,506,274,54.150198,45.849802,0.320617,4.885029,9.021257,20,19,14251,7153,50.192969,49.807031,3.347071,77.212800,153.540114,10,9,939,484,51.544196,48.455804,327.873680,58.190629,112.894629,46,45,337,325,15654,15078,1.789029,0.010680,0.035707,0,0,0,0,0.000000,0.000000,0.000000,0.000000
AODV_ETX,4,1,10,11,100.000000,1000.000000,300.000000,20.000000,10.000000,0,2.000000,GAUSS_MARKOV,1.000000,0.850000,1.000000,50.000000,20.000000,120.000000,20.000000,-85.000000,20.000000,90.000000,0,10,10,3482,1540,44.227455,55.772545,233.162992,27.456000,62.079086,10,10,13745,5892,42.866497,57.133503,21.626600,61.950171,144.518857,10,8,500,219,43.800000,56.200000,3.036116,3.904457,8.914286,20,18,14245,6111,42.899263,57.100737,20.960373,65.854629,153.433143,10,9,626,336,53.674121,46.325879,667.899206,40.396800,75.263086,46,45,384,340,17858,15980,2.040914,0.015264,0.048078,0,0,0,0,0.000000,0.000000,0.000000,0.000000
AODV_ETX,5,1,10,11,100.000000,1000.000000,300.000000,20.000000,10.000000,0,2.000000,GAUSS_MARKOV,1.000000,0.850000,1.000000,50.000000,20.000000,120.000000,20.000000,-85.000000,20.000000,90.000000,0,10,10,3482,1772,50.890293,49.109707,203.128247,31.592229,62.079086,10,10,13745,7096,51.626046,48.373954,16.816371,74.609371,144.518857,10,9,488,255,52.254098,47.745902,3.958853,4.546286,8.700343,20,19,14233,7351,51.647580,48.352420,16.370355,79.155657,153.219200,10,8,613,335,54.649266,45.350734,18.555919,40.276571,73.700114,59,56,1008,938,47706,44132,5.452114,0.036101,0.106576,0,0,0,0,0.000000,0.000000,0.000000,0.000000
AODV_ETX,1,1,10,11,100.000000,1000.000000,300.000000,20.000000,10.000000,0,2.000000,GROUP,1.000000,0.850000,1.000000,50.000000,20.000000,120.000000,20.000000,-85.000000,20.000000,90.000000,0,10,10,3482,2604,74.784607,25.215393,0.881493,46.425600,62.079086,10,10,13745,10140,73.772281,26.227719,2.184173,106.614857,144.518857,10,10,529,397,75.047259,24.952741,0.401040,7.077943,9.431314,20,20,14274,10537,73.819532,26.180468,2.116990,113.692800,153.950171,10,10,789,561,71.102662,28.897338,0.485978,67.448229,94.860343,105,97,587,529,28048,25066,3.205486,0.014086,0.042840,0,0,0,0,0.000000,0.000000,0.000000,0.000000
AODV_ETX,2,1,10,11,100.000000,1000.000000,300.000000,20.000000,10.000000,0,2.000000,GROUP,1.000000,0.850000,1.000000,50.000000,20.000000,120.000000,20.000000,-85.000000,20.000000,90.000000,0,10,10,3482,2412,69.270534,30.729466,106.793263,43.002514,62.079086,10,10,13745,8772,63.819571,36.180429,33.014087,92.231314,144.518857,10,10,446,328,73.542601,26.457399,71.189922,5.847771,7.951543,20,20,14191,9100,64.125150,35.874850,34.390095,98.079086,152.470400,10,10,825,432,52.363636,47.636364,108.142765,51.938743,99.188571,108,105,1955,1905,89414,87150,10.218743,0.052941,0.163681,0,0,0,0,0.000000,0.000000,0.000000,0.000000
AODV_ETX,3,1,10,11,100.000000,1000.000000,300.000000,20.000000,10.000000,0,2.000000,GROUP,1.000000,0.850000,1.000000,50.000000,20.000000,120.000000,20.000000,-85.000000,20.000000,90.000000,0,10,10,3482,1900,54.566341,45.433659,256.342808,33.874286,62.079086,10,10,13745,6627,48.213896,51.786104,13.998527,69.678171,144.518857,10,9,486,193,39.711934,60.288066,4.221968,3.440914,8.664686,20,19,14231,6820,47.923547,52.076453,13.721859,73.119086,153.183543,10,10,883,498,56.398641,43.601359,566.894473,59.873829,106.161829,110,106,3172,3086,146658,142336,16.760914,0.100445,0.344109,0,0,0,0,0.000000,0.000000,0.000000,0.000000
AODV_ETX,4,1,10,11,100.000000,1000.000000,300.000000,20.000000,10.000000,0,2.000000,GROUP,1.000000,0.850000,1.000000,50.000000,20.000000,120.000000,20.000000,-85.000000,20.000000,90.000000,0,10,10,3482,326,9.362435,90.637565,1.209149,5.812114,62.079086,10,10,13745,1857,13.510367,86.489633,5.773627,19.525029,144.518857,10,4,458,30,6.550218,93.449782,0.261502,0.534857,8.165486,20,14,14203,1887,13.285926,86.714074,5.685994,20.059886,152.684343,10,3,956,27,2.824268,97.175732,0.978554,3.246171,114.938514,85,76,214,174,9976,7896,1.140114,0.039155,0.095536,0,0,0,0,0.000000,0.000000,0.000000,0.000000
AODV_ETX,5,1,10,11,100.000000,1000.000000,300.000000,20.000000,10.000000,0,2.000000,GROUP,1.000000,0.850000,1.000000,50.000000,20.000000,120.000000,20.000000,-85.000000,20.000000,90.000000,0,10,10,3482,2016,57.897760,42.102240,3.582701,35.942400,62.079086,10,10,13745,7432,54.070571,45.929429,1.741943,78.142171,144.518857,10,10,446,235,52.690583,47.309417,0.604943,4.189714,7.951543,20,20,14191,7667,54.027200,45.972800,1.707093,82.331886,152.470400,10,10,689,390,56.603774,43.396226,0.600860,46.889143,82.837486,101,94,553,517,26974,25176,3.082743,0.018665,0.054899,0,0,0,0,0.000000,0.000000,0.000000,0.000000
QSPU,1,1,10,11,100.000000,1000.000000,300.000000,20.000000,10.000000,0,2.000000,RWP,1.000000,0.850000,1.000000,50.000000,20.000000,120.000000,20.000000,-85.000000,20.000000,90.000000,0,10,10,3482,2752,79.035037,20.964963,292.305067,49.064229,62.079086,10,10,13745,9982,72.622772,27.377228,10.286293,104.953600,144.518857,10,9,374,278,74.331551,25.668449,0.299910,4.956343,6.667886,20,19,14119,10260,72.668036,27.331964,10.015707,109.909943,151.186743,10,9,805,644,80.000000,20.000000,132.681762,77.427200,96.784000,66,61,483,463,29296,28132,3.348114,0.014163,0.035369,0,0,0,0,0.000000,0.000000,0.000000,0.000000
QSPU,2,1,10,11,100.000000,1000.000000,300.000000,20.000000,10.000000,0,2.000000,RWP,1.000000,0.850000,1.000000,50.000000,20.000000,120.000000,20.000000,-85.000000,20.000000,90.000000,0,10,10,3482,2749,78.948880,21.051120,8.029342,49.010743,62.079086,10,10,13745,12834,93.372135,6.627865,3.525509,134.940343,144.518857,10,10,416,393,94.471154,5.528846,0.625224,7.006629,7.416686,20,20,14161,13227,93.404421,6.595579,3.439336,141.946971,151.935543,10,10,858,638,74.358974,25.641026,20.120027,76.705829,103.156114,91,88,1126,1015,62292,55418,7.119086,0.026597,0.067774,0,0,0,0,0.000000,0.000000,0.000000,0.000000
QSPU,3,1,10,11,100.000000,1000.000000,300.000000,20.000000,10.000000,0,2.000000,RWP,1.000000,0.850000,1.000000,50.000000,20.000000,120.000000,20.000000,-85.000000,20.000000,90.000000,0,10,10,3482,3082,88.512349,11.487651,97.765690,54.947657,62.079086,10,10,13745,12619,91.807930,8.192070,16.410044,132.679771,144.518857,10,10,466,424,90.987124,9.012876,45.368492,7.559314,8.308114,20,20,14211,13043,91.781015,8.218985,17.351421,140.239086,152.826971,10,10,670,600,89.552239,10.447761,16.597716,72.137143,80.553143,79,76,708,670,41900,39552,4.788571,0.017913,0.042332,0,0,0,0,0.000000,0.000000,0.000000,0.000000
QSPU,4,1,10,11,100.000000,1000.000000,300.000000,20.000000,10.000000,0,2.000000,RWP,1.000000,0.850000,1.000000,50.000000,20.000000,120.000000,20.000000,-85.000000,20.000000,90.000000,0,10,10,3482,2056,59.046525,40.953475,165.264433,36.655543,62.079086,10,10,13745,9627,70.040015,29.959985,47.045442,101.221029,144.518857,10,10,459,346,75.381264,24.618736,127.364886,6.168686,8.183314,20,20,14204,9973,70.212616,29.787384,49.832018,107.389714,152.702171,10,10,735,443,60.272109,39.727891,90.311842,53.261257,88.368000,75,71,1331,1210,72804,65316,8.320457,0.042170,0.106719,0,0,0,0,0.000000,0.000000,0.000000,0.000000
QSPU,5,1,10,11,100.000000,1000.000000,300.000000,20.000000,10.000000,0,2.000000,RWP,1.000000,0.850000,1.000000,50.000000,20.000000,120.000000,20.000000,-85.000000,20.000000,90.000000,0,10,10,3482,3186,91.499138,8.500862,59.438227,56.801829,62.079086,10,10,13745,12773,92.928338,7.071662,9.127988,134.298971,144.518857,10,10,446,401,89.910314,10.089686,11.178397,7.149257,7.951543,20,20,14191,13174,92.833486,7.166514,9.190400,141.448229,152.470400,10,10,581,550,94.664372,5.335628,2.523511,66.125714,69.852800,65,61,703,651,44208,41148,5.052343,0.019110,0.041573,0,0,0,0,0.000000,0.000000,0.000000,0.000000
QSPU,1,1,10,11,100.000000,1000.000000,300.000000,20.000000,10.000000,0,2.000000,RWALK2D,1.000000,0.850000,1.000000,50.000000,20.000000,120.000000,20.000000,-85.000000,20.000000,90.000000,0,10,3,3482,162,4.652499,95.347501,77.417888,2.888229,62.079086,10,3,13745,533,3.877774,96.122226,10.795006,5.604114,144.518857,10,2,542,24,4.428044,95.571956,0.206231,0.427886,9.663086,20,5,14287,557,3.898649,96.101351,10.338757,6.032000,154.181943,10,2,911,46,5.049396,94.950604,0.690470,5.530514,109.528229,10,10,39,39,1928,1928,0.220343,0.015248,0.050980,0,0,0,0,0.000000,0.000000,0.000000,0.000000
QSPU,2,1,10,11,100.000000,1000.000000,300.000000,20.000000,10.000000,0,2.000000,RWALK2D,1.000000,0.850000,1.000000,50.000000,20.000000,120.000000,20.000000,-85.000000,20.000000,90.000000,0,10,6,3482,957,27.484204,72.515796,124.200303,17.061943,62.079086,10,6,13745,3452,25.114587,74.885413,5.711376,36.295314,144.518857,10,6,461,180,39.045553,60.954447,0.260290,3.209143,8.218971,20,12,14206,3632,25.566662,74.433338,5.441223,39.504457,152.737829,10,6,878,274,31.207289,68.792711,210.457622,32.942629,105.560686,18,18,212,210,13948,13822,1.594057,0.017809,0.043594,0,0,0,0,0.000000,0.000000,0.000000,0.000000
QSPU,3,1,10,11,100.000000,1000.000000,300.000000,20.000000,10.000000,0,2.000000,RWALK2D,1.000000,0.850000,1.000000,50.000000,20.000000,120.000000,20.000000,-85.000000,20.000000,90.000000,0,10,5,3482,1660,47.673751,52.326249,1.332231,29.595429,62.079086,10,5,13745,6807,49.523463,50.476537,1.564525,71.570743,144.518857,10,5,431,164,38.051044,61.948956,0.419508,2.923886,7.684114,20,10,14176,6971,49.174661,50.825339,1.537587,74.494629,152.202971,10,5,1045,398,38.086124,61.913876,1.228718,47.850971,125.638857,22,21,486,473,30082,29308,3.437943,0.022627,0.053827,0,0,0,0,0.000000,0.000000,0.000000,0.000000
QSPU,4,1,10,11,100.000000,1000.000000,300.000000,20.000000,10.000000,0,2.000000,RWALK2D,1.000000,0.850000,1.000000,50.000000,20.000000,120.000000,20.000000,-85.000000,20.000000,90.000000,0,10,9,3482,2529,72.630672,27.369328,145.420393,45.088457,62.079086,10,9,13745,9465,68.861404,31.138596,11.464457,99.517714,144.518857,10,9,497,354,71.227364,28.772636,7.279740,6.311314,8.860800,20,18,14242,9819,68.943969,31.056031,11.313588,105.829029,153.379657,10,9,922,700,75.921909,24.078091,68.859025,84.160000,110.850743,36,36,785,778,45258,44910,5.172343,0.022003,0.060162,0,0,0,0,0.000000,0.000000,0.000000,0.000000
QSPU,5,1,10,11,100.000000,1000.000000,300.000000,20.000000,10.000000,0,2.000000,RWALK2D,1.000000,0.850000,1.000000,50.000000,20.000000,120.000000,20.000000,-85.000000,20.000000,90.000000,0,10,10,3482,2356,67.662263,32.337737,362.112282,42.004114,62.079086,10,10,13745,9500,69.116042,30.883958,4.703817,99.885714,144.518857,10,9,488,351,71.926230,28.073770,0.336378,6.257829,8.700343,20,19,14233,9851,69.212394,30.787606,4.548201,106.143543,153.219200,10,10,673,419,62.258544,37.741456,100.503688,50.375771,80.913829,29,27,372,346,25064,23126,2.864457,0.014429,0.029463,0,0,0,0,0.000000,0.000000,0.000000,0.000000
QSPU,1,1,10,11,100.000000,1000.000000,300.000000,20.000000,10.000000,0,2.000000,GAUSS_MARKOV,1.000000,0.850000,1.000000,50.000000,20.000000,120.000000,20.000000,-85.000000,20.000000,90.000000,0,10,10,3482,1955,56.145893,43.854107,366.208169,34.854857,62.079086,10,10,13745,7353,53.495817,46.504183,9.843406,77.311543,144.518857,10,10,494,301,60.931174,39.068826,3.480259,5.366400,8.807314,20,20,14239,7654,53.753775,46.246225,9.593170,82.677943,153.326171,10,9,885,597,67.457627,32.542373,428.028706,71.776457,106.402286,55,53,480,470,28342,27750,3.239086,0.017110,0.047031,0,0,0,0,0.000000,0.000000,0.000000,0.000000
QSPU,2,1,10,11,100.000000,1000.000000,300.000000,20.000000,10.000000,0,2.000000,GAUSS_MARKOV,1.000000,0.850000,1.000000,50.000000,20.000000,120.000000,20.000000,-85.000000,20.000000,90.000000,0,10,10,3482,2593,74.468696,25.531304,110.393472,46.229486,62.079086,10,10,13745,9848,71.647872,28.352128,26.795462,103.544686,144.518857,10,10,512,330,64.453125,35.546875,9.938962,5.883429,9.128229,20,20,14257,10178,71.389493,28.610507,26.248926,109.428114,153.647086,10,10,674,528,78.338279,21.661721,133.728843,63.480686,81.034057,70,67,844,819,42842,41402,4.896229,0.022343,0.063463,0,0,0,0,0.000000,0.000000,0.000000,0.000000
QSPU,3,1,10,11,100.000000,1000.000000,300.000000,20.000000,10.000000,0,2.000000,GAUSS_MARKOV,1.000000,0.850000,1.000000,50.000000,20.000000,120.000000,20.000000,-85.000000,20.000000,90.000000,0,10,10,3482,1953,56.088455,43.911545,523.135500,34.819200,62.079086,10,10,13745,7073,51.458712,48.541288,3.095673,74.367543,144.518857,10,9,506,282,55.731225,44.268775,0.347633,5.027657,9.021257,20,19,14251,7355,51.610413,48.389587,2.990309,79.395200,153.540114,10,10,939,529,56.336528,43.663472,583.962942,63.600914,112.894629,52,50,396,384,23032,22336,2.632229,0.014803,0.040256,0,0,0,0,0.000000,0.000000,0.000000,0.000000
QSPU,4,1,10,11,100.000000,1000.000000,300.000000,20.000000,10.000000,0,2.000000,GAUSS_MARKOV,1.000000,0.850000,1.000000,50.000000,20.000000,120.000000,20.000000,-85.000000,20.000000,90.000000,0,10,10,3482,1745,50.114877,49.885123,789.816214,31.110857,62.079086,10,10,13745,5687,41.375045,58.624955,37.655525,59.794743,144.518857,10,8,500,202,40.400000,59.600000,0.454672,3.601371,8.914286,20,18,14245,5889,41.340821,58.659179,36.379490,63.396114,153.433143,10,10,626,345,55.111821,44.888179,593.852708,41.478857,75.263086,52,49,866,693,45988,38586,5.255771,0.038649,0.108535,0,0,0,0,0.000000,0.000000,0.000000,0.000000
QSPU,5,1,10,11,100.000000,1000.000000,300.000000,20.000000,10.000000,0,2.000000,GAUSS_MARKOV,1.000000,0.850000,1.000000,50.000000,20.000000,120.000000,20.000000,-85.000000,20.000000,90.000000,0,10,10,3482,1953,56.088455,43.911545,681.140528,34.819200,62.079086,10,10,13745,7303,53.132048,46.867952,45.799899,76.785829,144.518857,10,9,488,257,52.663934,47.336066,13.316469,4.581943,8.700343,20,19,14233,7560,53.115998,46.884002,44.695634,81.367771,153.219200,10,8,613,363,59.216966,40.783034,403.299673,43.642971,73.700114,66,63,514,474,31446,28904,3.593829,0.022485,0.052045,0,0,0,0,0.000000,0.000000,0.000000,0.000000
QSPU,1,1,10,11,100.000000,1000.000000,300.000000,20.000000,10.000000,0,2.000000,GROUP,1.000000,0.850000,1.000000,50.000000,20.000000,120.000000,20.000000,-85.000000,20.000000,90.000000,0,10,10,3482,2607,74.870764,25.129236,1.950435,46.479086,62.079086,10,10,13745,10260,74.645326,25.354674,2.149521,107.876571,144.518857,10,10,529,404,76.370510,23.629490,0.281053,7.202743,9.431314,20,20,14274,10664,74.709262,25.290738,2.078735,115.079314,153.950171,10,10,789,567,71.863118,28.136882,0.553009,68.169600,94.860343,93,90,577,501,33504,29016,3.829029,0.016668,0.041697,0,0,0,0,0.000000,0.000000,0.000000,0.000000
QSPU,2,1,10,11,100.000000,1000.000000,300.000000,20.000000,10.000000,0,2.000000,GROUP,1.000000,0.850000,1.000000,50.000000,20.000000,120.000000,20.000000,-85.000000,20.000000,90.000000,0,10,10,3482,2411,69.241815,30.758185,280.934228,42.984686,62.079086,10,10,13745,8974,65.289196,34.710804,6.362388,94.355200,144.518857,10,10,446,346,77.578475,22.421525,14.819461,6.168686,7.951543,20,20,14191,9320,65.675428,34.324572,6.676352,100.523886,152.470400,10,10,825,420,50.909091,49.090909,82.433060,50.496000,99.188571,107,102,759,698,40876,37426,4.671543,0.024080,0.062464,0,0,0,0,0.000000,0.000000,0.000000,0.000000
QSPU,3,1,10,11,100.000000,1000.000000,300.000000,20.000000,10.000000,0,2.000000,GROUP,1.000000,0.850000,1.000000,50.000000,20.000000,120.000000,20.000000,-85.000000,20.000000,90.000000,0,10,9,3482,551,15.824239,84.175761,0.656455,9.823543,62.079086,10,10,13745,5567,40.502001,59.497999,12.382976,58.533029,144.518857,10,9,486,156,32.098765,67.901235,0.447841,2.781257,8.664686,20,19,14231,5723,40.215024,59.784976,12.057643,61.314286,153.183543,10,5,883,114,12.910532,87.089468,0.533211,13.706057,106.161829,106,90,846,426,48156,22294,5.503543,0.064867,0.132436,0,0,0,0,0.000000,0.000000,0.000000,0.000000
QSPU,4,1,10,11,100.000000,1000.000000,300.000000,20.000000,10.000000,0,2.000000,GROUP,1.000000,0.850000,1.000000,50.000000,20.000000,120.000000,20.000000,-85.000000,20.000000,90.000000,0,10,2,3482,45,1.292361,98.707639,0.459706,0.802286,62.079086,10,9,13745,908,6.606039,93.393961,7.548088,9.546971,144.518857,10,1,458,5,1.091703,98.908297,0.122951,0.089143,8.165486,20,10,14203,913,6.428219,93.571781,7.507425,9.636114,152.684343,10,0,956,0,0.000000,100.000000,nan,0.000000,114.938514,92,74,991,518,61048,31868,6.976914,0.668389,1.034447,0,0,0,0,0.000000,0.000000,0.000000,0.000000
QSPU,5,1,10,11,100.000000,1000.000000,300.000000,20.000000,10.000000,0,2.000000,GROUP,1.000000,0.850000,1.000000,50.000000,20.000000,120.000000,20.000000,-85.000000,20.000000,90.000000,0,10,7,3482,323,9.276278,90.723722,0.775767,5.758629,62.079086,10,10,13745,6977,50.760276,49.239724,12.462713,73.358171,144.518857,10,10,446,195,43.721973,56.278027,6.397485,3.476571,7.951543,20,20,14191,7172,50.539074,49.460926,12.297805,76.834743,152.470400,10,3,689,21,3.047896,96.952104,0.695901,2.524800,82.837486,104,90,1321,723,72028,37476,8.231771,0.096710,0.175758,0,0,0,0,0.000000,0.000000,0.000000,0.000000
