protocol,run,nGcs,nUavs,nNodes,simTime,areaSize,txRange,nodeSpeed,nodeMinSpeed,fixedNodeSpeed,nodePause,uavMinAltitude,uavMaxAltitude,txPowerDbm,rxSensitivityDbm,appStart,appStop,remoteIdEnabled,telemetry_flowCount,telemetry_successfulFlows,telemetry_txPackets,telemetry_rxPackets,telemetry_pdr,telemetry_loss,telemetry_delayMs,telemetry_throughputKbps,telemetry_offeredLoadKbps,c2Control_flowCount,c2Control_successfulFlows,c2Control_txPackets,c2Control_rxPackets,c2Control_pdr,c2Control_loss,c2Control_delayMs,c2Control_throughputKbps,c2Control_offeredLoadKbps,c2Command_flowCount,c2Command_successfulFlows,c2Command_txPackets,c2Command_rxPackets,c2Command_pdr,c2Command_loss,c2Command_delayMs,c2Command_throughputKbps,c2Command_offeredLoadKbps,totalC2_flowCount,totalC2_successfulFlows,totalC2_txPackets,totalC2_rxPackets,totalC2_pdr,totalC2_loss,totalC2_delayMs,totalC2_throughputKbps,totalC2_offeredLoadKbps,video_flowCount,video_successfulFlows,video_txPackets,video_rxPackets,video_pdr,video_loss,video_delayMs,video_throughputKbps,video_offeredLoadKbps,routing_flowEntries,routing_activeEntries,routing_txPackets,routing_rxPackets,routing_txBytes,routing_rxBytes,routing_offeredLoadKbps,routingBytesPerDeliveredAppByte,routingPacketsPerDeliveredAppPacket,remoteId_txPackets,remoteId_rxCopies,remoteId_txBytes,remoteId_rxBytes,remoteId_avgReceivers,remoteId_receptionRatio,remoteId_offeredLoadKbps,remoteId_receivedCopyLoadKbps
AODV,1,1,5,6,100.000000,1000.000000,300.000000,20.000000,10.000000,0,2.000000,20.000000,120.000000,20.000000,-85.000000,20.000000,90.000000,0,5,5,1744,1335,76.548165,23.451835,499.661806,23.801143,31.093029,5,5,6885,4755,69.063181,30.936819,41.362506,49.995429,72.390857,5,5,247,178,72.064777,27.935223,106.597711,3.173486,4.403657,10,10,7132,4933,69.167134,30.832866,43.716422,53.168914,76.794514,5,5,398,225,56.532663,43.467337,1106.129095,27.051429,47.850971,19,17,60,57,2548,2404,0.291200,0.002799,0.009241,0,0,0,0,0.000000,0.000000,0.000000,0.000000
AODV,2,1,5,6,100.000000,1000.000000,300.000000,20.000000,10.000000,0,2.000000,20.000000,120.000000,20.000000,-85.000000,20.000000,90.000000,0,5,4,1744,1217,69.782110,30.217890,225.518375,21.697371,31.093029,5,4,6885,4587,66.623094,33.376906,7.052384,48.229029,72.390857,5,4,337,238,70.623145,29.376855,0.190795,4.243200,6.008229,10,8,7222,4825,66.809748,33.190252,6.713926,52.472229,78.399086,5,4,306,237,77.450980,22.549020,0.654423,28.494171,36.789943,17,17,49,47,2150,2054,0.245714,0.002393,0.007804,0,0,0,0,0.000000,0.000000,0.000000,0.000000
AODV,3,1,5,6,100.000000,1000.000000,300.000000,20.000000,10.000000,0,2.000000,20.000000,120.000000,20.000000,-85.000000,20.000000,90.000000,0,5,5,1744,1231,70.584862,29.415138,386.394944,21.946971,31.093029,5,5,6885,4633,67.291213,32.708787,11.523095,48.712686,72.390857,5,4,187,117,62.566845,37.433155,0.155387,2.085943,3.333943,10,9,7072,4750,67.166290,32.833710,11.243091,50.798629,75.724800,5,5,412,320,77.669903,22.330097,349.251952,38.473143,49.534171,17,16,39,38,1686,1638,0.192686,0.001732,0.006189,0,0,0,0,0.000000,0.000000,0.000000,0.000000
AODV,4,1,5,6,100.000000,1000.000000,300.000000,20.000000,10.000000,0,2.000000,20.000000,120.000000,20.000000,-85.000000,20.000000,90.000000,0,5,5,1744,940,53.899083,46.100917,897.816511,16.758857,31.093029,5,5,6885,3140,45.606391,54.393609,40.650980,33.014857,72.390857,5,4,253,117,46.245059,53.754941,0.139760,2.085943,4.510629,10,9,7138,3257,45.629028,54.370972,39.195710,35.100800,76.901486,5,5,439,316,71.981777,28.018223,1087.490809,37.992229,52.780343,11,11,18,18,804,804,0.091886,0.001023,0.003988,0,0,0,0,0.000000,0.000000,0.000000,0.000000
AODV,5,1,5,6,100.000000,1000.000000,300.000000,20.000000,10.000000,0,2.000000,20.000000,120.000000,20.000000,-85.000000,20.000000,90.000000,0,5,5,1744,1329,76.204128,23.795872,63.782136,23.694171,31.093029,5,5,6885,3867,56.165577,43.834423,138.682339,40.658743,72.390857,5,5,181,109,60.220994,39.779006,0.722564,1.943314,3.226971,10,10,7066,3976,56.269459,43.730541,134.900243,42.602057,75.617829,5,5,310,220,70.967742,29.032258,57.290586,26.450286,37.270857,20,19,74,70,3172,3052,0.362514,0.003909,0.013394,0,0,0,0,0.000000,0.000000,0.000000,0.000000
AODV,1,1,8,9,100.000000,1000.000000,300.000000,20.000000,10.000000,0,2.000000,20.000000,120.000000,20.000000,-85.000000,20.000000,90.000000,0,8,8,2788,2391,85.760402,14.239598,132.964262,42.628114,49.706057,8,8,11004,9661,87.795347,12.204653,19.697090,101.578514,115.699200,8,8,367,328,89.373297,10.626703,0.291462,5.847771,6.543086,16,16,11371,9989,87.846276,12.153724,19.059884,107.426286,122.242286,8,8,550,496,90.181818,9.818182,401.651619,59.633371,66.125714,56,52,383,341,16744,14850,1.913600,0.009126,0.029745,0,0,0,0,0.000000,0.000000,0.000000,0.000000
AODV,2,1,8,9,100.000000,1000.000000,300.000000,20.000000,10.000000,0,2.000000,20.000000,120.000000,20.000000,-85.000000,20.000000,90.000000,0,8,8,2788,2391,85.760402,14.239598,29.351997,42.628114,49.706057,8,8,11004,9362,85.078153,14.921847,12.261846,98.434743,115.699200,8,8,346,321,92.774566,7.225434,14.926429,5.722971,6.168686,16,16,11350,9683,85.312775,14.687225,12.350179,104.157714,121.867886,8,8,410,389,94.878049,5.121951,0.796943,46.768914,49.293714,56,55,290,276,12838,12208,1.467200,0.007580,0.023269,0,0,0,0,0.000000,0.000000,0.000000,0.000000
AODV,3,1,8,9,100.000000,1000.000000,300.000000,20.000000,10.000000,0,2.000000,20.000000,120.000000,20.000000,-85.000000,20.000000,90.000000,0,8,8,2788,2485,89.131994,10.868006,28.667713,44.304000,49.706057,8,8,11004,9639,87.595420,12.404580,8.974797,101.347200,115.699200,8,8,417,383,91.846523,8.153477,5.696792,6.828343,7.434514,16,16,11421,10022,87.750635,12.249365,8.849525,108.175543,123.133714,8,8,515,424,82.330097,17.669903,10.364786,50.976914,61.917714,52,52,238,236,10484,10388,1.198171,0.005889,0.018405,0,0,0,0,0.000000,0.000000,0.000000,0.000000
AODV,4,1,8,9,100.000000,1000.000000,300.000000,20.000000,10.000000,0,2.000000,20.000000,120.000000,20.000000,-85.000000,20.000000,90.000000,0,8,8,2788,2103,75.430416,24.569584,328.915034,37.493486,49.706057,8,8,11004,9070,82.424573,17.575427,21.683058,95.364571,115.699200,8,8,307,236,76.872964,23.127036,0.915424,4.207543,5.473371,16,16,11311,9306,82.273893,17.726107,21.156391,99.572114,121.172571,8,8,484,365,75.413223,24.586777,543.871889,43.883429,58.190629,47,44,299,247,13476,11046,1.540114,0.008511,0.025395,0,0,0,0,0.000000,0.000000,0.000000,0.000000
AODV,5,1,8,9,100.000000,1000.000000,300.000000,20.000000,10.000000,0,2.000000,20.000000,120.000000,20.000000,-85.000000,20.000000,90.000000,0,8,8,2788,2141,76.793400,23.206600,143.551574,38.170971,49.706057,8,8,11004,8061,73.255180,26.744820,19.598419,84.755657,115.699200,8,8,442,348,78.733032,21.266968,1.381397,6.204343,7.880229,16,16,11446,8409,73.466713,26.533287,18.844522,90.960000,123.579429,8,8,623,494,79.293740,20.706260,425.316456,59.392914,74.902400,45,45,211,211,9418,9418,1.076343,0.005709,0.019105,0,0,0,0,0.000000,0.000000,0.000000,0.000000
AODV,1,1,10,11,100.000000,1000.000000,300.000000,20.000000,10.000000,0,2.000000,20.000000,120.000000,20.000000,-85.000000,20.000000,90.000000,0,10,10,3482,2635,75.674899,24.325101,150.158287,46.978286,62.079086,10,10,13745,9923,72.193525,27.806475,3.535378,104.333257,144.518857,10,9,374,302,80.748663,19.251337,0.297547,5.384229,6.667886,20,19,14119,10225,72.420143,27.579857,3.439748,109.717486,151.186743,10,9,805,595,73.913043,26.086957,16.818461,71.536000,96.784000,71,65,350,311,15660,13840,1.789714,0.007842,0.026013,0,0,0,0,0.000000,0.000000,0.000000,0.000000
AODV,2,1,10,11,100.000000,1000.000000,300.000000,20.000000,10.000000,0,2.000000,20.000000,120.000000,20.000000,-85.000000,20.000000,90.000000,0,10,10,3482,3132,89.948306,10.051694,5.798649,55.839086,62.079086,10,10,13745,13084,95.190979,4.809021,8.360564,137.568914,144.518857,10,10,416,390,93.750000,6.250000,14.789479,6.953143,7.416686,20,20,14161,13474,95.148648,4.851352,8.546646,144.522057,151.935543,10,10,858,760,88.578089,11.421911,2.736993,91.373714,103.156114,93,91,668,625,29842,27900,3.410514,0.011690,0.038466,0,0,0,0,0.000000,0.000000,0.000000,0.000000
AODV,3,1,10,11,100.000000,1000.000000,300.000000,20.000000,10.000000,0,2.000000,20.000000,120.000000,20.000000,-85.000000,20.000000,90.000000,0,10,10,3482,2704,77.656519,22.343481,12.507078,48.208457,62.079086,10,10,13745,12498,90.927610,9.072390,11.547704,131.407543,144.518857,10,10,466,425,91.201717,8.798283,4.694570,7.577143,8.308114,20,20,14211,12923,90.936598,9.063402,11.322325,138.984686,152.826971,10,10,670,539,80.447761,19.552239,6.550121,64.803200,80.553143,84,79,810,761,35608,33336,4.069486,0.016149,0.050105,0,0,0,0,0.000000,0.000000,0.000000,0.000000
AODV,4,1,10,11,100.000000,1000.000000,300.000000,20.000000,10.000000,0,2.000000,20.000000,120.000000,20.000000,-85.000000,20.000000,90.000000,0,10,10,3482,2430,69.787478,30.212522,38.480603,43.323429,62.079086,10,10,13745,9808,71.356857,28.643143,21.963704,103.124114,144.518857,10,10,459,336,73.202614,26.797386,11.298026,5.990400,8.183314,20,20,14204,10144,71.416502,28.583498,21.610424,109.114514,152.702171,10,10,735,489,66.530612,33.469388,74.145506,58.791771,88.368000,68,67,527,478,24046,21726,2.748114,0.013010,0.040343,0,0,0,0,0.000000,0.000000,0.000000,0.000000
AODV,5,1,10,11,100.000000,1000.000000,300.000000,20.000000,10.000000,0,2.000000,20.000000,120.000000,20.000000,-85.000000,20.000000,90.000000,0,10,10,3482,3249,93.308443,6.691557,30.436753,57.925029,62.079086,10,10,13745,12843,93.437614,6.562386,15.400929,135.034971,144.518857,10,10,446,409,91.704036,8.295964,25.690879,7.291886,7.951543,20,20,14191,13252,93.383130,6.616870,15.718510,142.326857,152.470400,10,10,581,564,97.074010,2.925990,5.081983,67.808914,69.852800,58,54,349,307,15736,13762,1.798400,0.006709,0.020451,0,0,0,0,0.000000,0.000000,0.000000,0.000000
AODV,1,1,12,13,100.000000,1000.000000,300.000000,20.000000,10.000000,0,2.000000,20.000000,120.000000,20.000000,-85.000000,20.000000,90.000000,0,12,12,4176,3497,83.740421,16.259579,124.621780,62.346514,74.452114,12,12,16482,15058,91.360272,8.639728,24.574862,158.324114,173.296457,12,12,542,501,92.435424,7.564576,51.768079,8.932114,9.663086,24,24,17024,15559,91.394502,8.605498,25.450484,167.256229,182.959543,12,12,724,636,87.845304,12.154696,69.251178,76.465371,87.045486,113,107,920,799,41196,35886,4.708114,0.015383,0.046719,0,0,0,0,0.000000,0.000000,0.000000,0.000000
AODV,2,1,12,13,100.000000,1000.000000,300.000000,20.000000,10.000000,0,2.000000,20.000000,120.000000,20.000000,-85.000000,20.000000,90.000000,0,12,12,4176,3936,94.252874,5.747126,8.622628,70.173257,74.452114,12,12,16482,15639,94.885329,5.114671,3.251252,164.432914,173.296457,12,12,636,608,95.597484,4.402516,0.603152,10.839771,11.338971,24,24,17118,16247,94.911789,5.088211,3.152154,175.272686,184.635429,12,12,996,907,91.064257,8.935743,13.219398,109.047314,119.747657,100,99,614,601,27404,26806,3.131886,0.008835,0.029113,0,0,0,0,0.000000,0.000000,0.000000,0.000000
AODV,3,1,12,13,100.000000,1000.000000,300.000000,20.000000,10.000000,0,2.000000,20.000000,120.000000,20.000000,-85.000000,20.000000,90.000000,0,12,12,4176,3778,90.469349,9.530651,13.352968,67.356343,74.452114,12,12,16482,14968,90.814222,9.185778,11.896674,157.377829,173.296457,12,12,624,578,92.628205,7.371795,23.365920,10.304914,11.125029,24,24,17106,15546,90.880393,9.119607,12.323101,167.682743,184.421486,12,12,844,756,89.573460,10.426540,0.880129,90.892800,101.472914,107,102,671,647,29916,28800,3.418971,0.010490,0.033416,0,0,0,0,0.000000,0.000000,0.000000,0.000000
AODV,4,1,12,13,100.000000,1000.000000,300.000000,20.000000,10.000000,0,2.000000,20.000000,120.000000,20.000000,-85.000000,20.000000,90.000000,0,12,12,4176,3638,87.116858,12.883142,34.312690,64.860343,74.452114,12,12,16482,13743,83.381871,16.618129,9.053044,144.497829,173.296457,12,12,606,504,83.168317,16.831683,3.359971,8.985600,10.804114,24,24,17088,14247,83.374298,16.625702,8.851647,153.483429,184.100571,12,12,700,590,84.285714,15.714286,25.848357,70.934857,84.160000,101,100,730,714,31678,30926,3.620343,0.012515,0.039513,0,0,0,0,0.000000,0.000000,0.000000,0.000000
AODV,5,1,12,13,100.000000,1000.000000,300.000000,20.000000,10.000000,0,2.000000,20.000000,120.000000,20.000000,-85.000000,20.000000,90.000000,0,12,12,4176,3239,77.562261,22.437739,87.337087,57.746743,74.452114,12,12,16482,13556,82.247300,17.752700,5.701486,142.531657,173.296457,12,12,622,535,86.012862,13.987138,0.455584,9.538286,11.089371,24,24,17104,14091,82.384238,17.615762,5.502313,152.069943,184.385829,12,12,630,483,76.666667,23.333333,32.686225,58.070400,75.744000,124,117,1117,736,48430,32682,5.534857,0.020661,0.062707,0,0,0,0,0.000000,0.000000,0.000000,0.000000
AODV,1,1,15,16,100.000000,1000.000000,300.000000,20.000000,10.000000,0,2.000000,20.000000,120.000000,20.000000,-85.000000,20.000000,90.000000,0,15,15,5214,4772,91.522823,8.477177,13.218432,85.077943,92.958171,15,15,20580,18437,89.586978,10.413022,8.098540,193.851886,216.384000,15,15,723,639,88.381743,11.618257,0.586185,11.392457,12.890057,30,30,21303,19076,89.546073,10.453927,7.846894,205.244343,229.274057,14,14,1128,1071,94.946809,5.053191,2.287796,128.764800,135.617829,176,170,1995,1910,89342,85416,10.210514,0.024364,0.080059,0,0,0,0,0.000000,0.000000,0.000000,0.000000
AODV,2,1,15,16,100.000000,1000.000000,300.000000,20.000000,10.000000,0,2.000000,20.000000,120.000000,20.000000,-85.000000,20.000000,90.000000,0,15,15,5214,4111,78.845416,21.154584,78.939786,73.293257,92.958171,15,15,20580,17645,85.738581,14.261419,4.196457,185.524571,216.384000,15,14,667,591,88.605697,11.394303,2.258792,10.536686,11.891657,30,29,21247,18236,85.828588,14.171412,4.133661,196.061257,228.275657,15,14,1224,1054,86.111111,13.888889,1.942679,126.720914,147.159771,159,149,1226,1046,54224,46562,6.197029,0.015646,0.052391,0,0,0,0,0.000000,0.000000,0.000000,0.000000
AODV,3,1,15,16,100.000000,1000.000000,300.000000,20.000000,10.000000,0,2.000000,20.000000,120.000000,20.000000,-85.000000,20.000000,90.000000,0,15,15,5214,4888,93.747603,6.252397,115.561763,87.146057,92.958171,15,15,20580,18984,92.244898,7.755102,7.426443,199.603200,216.384000,15,15,700,662,94.571429,5.428571,15.522296,11.802514,12.480000,30,30,21280,19646,92.321429,7.678571,7.699245,211.405714,228.864000,15,15,1175,1138,96.851064,3.148936,307.885810,136.820114,141.268571,180,177,1452,1397,65004,62622,7.429029,0.017064,0.056560,0,0,0,0,0.000000,0.000000,0.000000,0.000000
AODV,4,1,15,16,100.000000,1000.000000,300.000000,20.000000,10.000000,0,2.000000,20.000000,120.000000,20.000000,-85.000000,20.000000,90.000000,0,15,15,5214,4826,92.558496,7.441504,11.580827,86.040686,92.958171,15,15,20580,19081,92.716229,7.283771,8.500105,200.623086,216.384000,15,15,717,662,92.329149,7.670851,2.670429,11.802514,12.783086,30,30,21297,19743,92.703198,7.296802,8.304631,212.425600,229.167086,15,15,906,853,94.150110,5.849890,2.522651,102.554971,108.927086,179,174,1877,1774,85300,80548,9.748571,0.024309,0.073834,0,0,0,0,0.000000,0.000000,0.000000,0.000000
AODV,5,1,15,16,100.000000,1000.000000,300.000000,20.000000,10.000000,0,2.000000,20.000000,120.000000,20.000000,-85.000000,20.000000,90.000000,0,15,15,5214,4733,90.774837,9.225163,62.254166,84.382629,92.958171,15,15,20580,19178,93.187561,6.812439,6.432512,201.642971,216.384000,15,15,685,640,93.430657,6.569343,0.993753,11.410286,12.212571,30,30,21265,19818,93.195391,6.804609,6.256874,213.053257,228.596571,14,13,1446,1297,89.695712,10.304288,1.499871,155.936457,173.850514,166,160,1612,1515,72382,67960,8.272229,0.018246,0.062365,0,0,0,0,0.000000,0.000000,0.000000,0.000000
OLSR,1,1,5,6,100.000000,1000.000000,300.000000,20.000000,10.000000,0,2.000000,20.000000,120.000000,20.000000,-85.000000,20.000000,90.000000,0,5,5,1289,1065,82.622188,17.377812,8.805870,18.987429,22.981029,5,5,5101,4265,83.611057,16.388943,2.499665,44.843429,53.633371,5,5,169,151,89.349112,10.650888,0.210831,2.692114,3.013029,10,10,5270,4416,83.795066,16.204934,2.421401,47.535543,56.646400,5,4,227,137,60.352423,39.647577,0.813777,16.471314,27.291886,0,0,0,0,0,0,0.000000,0.000000,0.000000,0,0,0,0,0.000000,0.000000,0.000000,0.000000
OLSR,2,1,5,6,100.000000,1000.000000,300.000000,20.000000,10.000000,0,2.000000,20.000000,120.000000,20.000000,-85.000000,20.000000,90.000000,0,4,4,1150,998,86.782609,13.217391,1.014781,17.792914,20.502857,5,4,4651,3964,85.228983,14.771017,1.851496,41.678629,48.901943,4,4,227,205,90.308370,9.691630,0.406606,3.654857,4.047086,9,8,4878,4169,85.465355,14.534645,1.780447,45.333486,52.949029,4,4,237,209,88.185654,11.814346,0.722885,25.127771,28.494171,0,0,0,0,0,0,0.000000,0.000000,0.000000,0,0,0,0,0.000000,0.000000,0.000000,0.000000
OLSR,3,1,5,6,100.000000,1000.000000,300.000000,20.000000,10.000000,0,2.000000,20.000000,120.000000,20.000000,-85.000000,20.000000,90.000000,0,5,5,1232,1062,86.201299,13.798701,8.962052,18.933943,21.964800,5,5,4919,4245,86.298028,13.701972,1.869473,44.633143,51.719771,5,4,123,112,91.056911,8.943089,1.071163,1.996800,2.192914,10,9,5042,4357,86.414121,13.585879,1.848952,46.629943,53.912686,5,5,320,295,92.187500,7.812500,0.641165,35.467429,38.473143,0,0,0,0,0,0,0.000000,0.000000,0.000000,0,0,0,0,0.000000,0.000000,0.000000,0.000000
OLSR,4,1,5,6,100.000000,1000.000000,300.000000,20.000000,10.000000,0,2.000000,20.000000,120.000000,20.000000,-85.000000,20.000000,90.000000,0,5,4,865,700,80.924855,19.075145,0.560801,12.480000,15.421714,5,5,3569,2876,80.582796,19.417204,0.531488,30.239086,37.525486,5,4,143,107,74.825175,25.174825,1.278388,1.907657,2.549486,10,9,3712,2983,80.360991,19.639009,0.558280,32.146743,40.074971,5,3,277,224,80.866426,19.133574,0.505430,26.931200,33.303314,0,0,0,0,0,0,0.000000,0.000000,0.000000,0,0,0,0,0.000000,0.000000,0.000000,0.000000
OLSR,5,1,5,6,100.000000,1000.000000,300.000000,20.000000,10.000000,0,2.000000,20.000000,120.000000,20.000000,-85.000000,20.000000,90.000000,0,5,5,1324,1086,82.024169,17.975831,0.834399,19.361829,23.605029,5,5,5304,4266,80.429864,19.570136,2.579277,44.853943,55.767771,5,5,140,105,75.000000,25.000000,1.150260,1.872000,2.496000,10,10,5444,4371,80.290228,19.709772,2.544949,46.725943,58.263771,5,4,227,204,89.867841,10.132159,0.580525,24.526629,27.291886,0,0,0,0,0,0,0.000000,0.000000,0.000000,0,0,0,0,0.000000,0.000000,0.000000,0.000000
OLSR,1,1,8,9,100.000000,1000.000000,300.000000,20.000000,10.000000,0,2.000000,20.000000,120.000000,20.000000,-85.000000,20.000000,90.000000,0,8,8,2609,1883,72.173246,27.826754,1.148732,33.571200,46.514743,8,8,9941,7108,71.501861,28.498139,4.124678,74.735543,104.522514,8,8,331,208,62.839879,37.160121,2.155976,3.708343,5.901257,16,16,10272,7316,71.222741,28.777259,4.068706,78.443886,110.423771,8,8,508,343,67.519685,32.480315,0.864761,41.238400,61.076114,0,0,0,0,0,0,0.000000,0.000000,0.000000,0,0,0,0,0.000000,0.000000,0.000000,0.000000
OLSR,2,1,8,9,100.000000,1000.000000,300.000000,20.000000,10.000000,0,2.000000,20.000000,120.000000,20.000000,-85.000000,20.000000,90.000000,0,8,8,2390,1627,68.075314,31.924686,11.264817,29.007086,42.610286,8,8,9388,5494,58.521517,41.478483,4.776700,57.765486,98.708114,8,7,304,156,51.315789,48.684211,1.711920,2.781257,5.419886,16,15,9692,5650,58.295501,41.704499,4.692079,60.546743,104.128000,8,7,377,294,77.984085,22.015915,0.655749,35.347200,45.326171,0,0,0,0,0,0,0.000000,0.000000,0.000000,0,0,0,0,0.000000,0.000000,0.000000,0.000000
OLSR,3,1,8,9,100.000000,1000.000000,300.000000,20.000000,10.000000,0,2.000000,20.000000,120.000000,20.000000,-85.000000,20.000000,90.000000,0,8,8,2523,1958,77.606025,22.393975,8.287739,34.908343,44.981486,8,8,9543,7697,80.655978,19.344022,3.357910,80.928457,100.337829,8,8,350,286,81.714286,18.285714,1.997510,5.098971,6.240000,16,16,9893,7983,80.693420,19.306580,3.309172,86.027429,106.577829,8,7,458,300,65.502183,34.497817,0.749935,36.068571,55.064686,0,0,0,0,0,0,0.000000,0.000000,0.000000,0,0,0,0,0.000000,0.000000,0.000000,0.000000
OLSR,4,1,8,9,100.000000,1000.000000,300.000000,20.000000,10.000000,0,2.000000,20.000000,120.000000,20.000000,-85.000000,20.000000,90.000000,0,8,8,2483,1898,76.439791,23.560209,5.576308,33.838629,44.268343,8,8,9729,7575,77.860006,22.139994,3.992722,79.645714,102.293486,8,8,255,188,73.725490,26.274510,3.683045,3.351771,4.546286,16,16,9984,7763,77.754407,22.245593,3.985222,82.997486,106.839771,8,7,386,317,82.124352,17.875648,0.811152,38.112457,46.408229,0,0,0,0,0,0,0.000000,0.000000,0.000000,0,0,0,0,0.000000,0.000000,0.000000,0.000000
OLSR,5,1,8,9,100.000000,1000.000000,300.000000,20.000000,10.000000,0,2.000000,20.000000,120.000000,20.000000,-85.000000,20.000000,90.000000,0,8,8,2098,1571,74.880839,25.119161,5.028516,28.008686,37.404343,8,8,8463,6133,72.468392,27.531608,4.782369,64.484114,88.982400,8,8,374,264,70.588235,29.411765,1.441780,4.706743,6.667886,16,16,8837,6397,72.388820,27.611180,4.644505,69.190857,95.650286,8,7,472,286,60.593220,39.406780,0.782552,34.385371,56.747886,0,0,0,0,0,0,0.000000,0.000000,0.000000,0,0,0,0,0.000000,0.000000,0.000000,0.000000
OLSR,1,1,10,11,100.000000,1000.000000,300.000000,20.000000,10.000000,0,2.000000,20.000000,120.000000,20.000000,-85.000000,20.000000,90.000000,0,10,10,2779,2099,75.530766,24.469234,3.235152,37.422171,49.545600,10,10,10526,8055,76.524796,23.475204,4.716193,84.692571,110.673371,9,9,313,230,73.482428,26.517572,2.037638,4.100571,5.580343,19,19,10839,8285,76.436941,23.563059,4.641834,88.793143,116.253714,10,9,676,528,78.106509,21.893491,0.840565,63.480686,81.274514,0,0,0,0,0,0,0.000000,0.000000,0.000000,0,0,0,0,0.000000,0.000000,0.000000,0.000000
OLSR,2,1,10,11,100.000000,1000.000000,300.000000,20.000000,10.000000,0,2.000000,20.000000,120.000000,20.000000,-85.000000,20.000000,90.000000,0,10,10,3377,2631,77.909387,22.090613,7.524576,46.906971,60.207086,10,10,13174,10227,77.630181,22.369819,7.539700,107.529600,138.515200,10,10,392,299,76.275510,23.724490,4.286768,5.330743,6.988800,20,20,13566,10526,77.591036,22.408964,7.447298,112.860343,145.504000,10,10,817,679,83.108935,16.891065,1.026337,81.635200,98.226743,0,0,0,0,0,0,0.000000,0.000000,0.000000,0,0,0,0,0.000000,0.000000,0.000000,0.000000
OLSR,3,1,10,11,100.000000,1000.000000,300.000000,20.000000,10.000000,0,2.000000,20.000000,120.000000,20.000000,-85.000000,20.000000,90.000000,0,10,10,3186,2742,86.064030,13.935970,2.883794,48.885943,56.801829,10,10,12447,10289,82.662489,17.337511,5.941891,108.181486,130.871314,10,10,407,344,84.520885,15.479115,3.385109,6.133029,7.256229,20,20,12854,10633,82.721332,17.278668,5.859173,114.314514,138.127543,10,10,651,557,85.560676,14.439324,1.337707,66.967314,78.268800,0,0,0,0,0,0,0.000000,0.000000,0.000000,0,0,0,0,0.000000,0.000000,0.000000,0.000000
OLSR,4,1,10,11,100.000000,1000.000000,300.000000,20.000000,10.000000,0,2.000000,20.000000,120.000000,20.000000,-85.000000,20.000000,90.000000,0,10,10,2391,1793,74.989544,25.010456,7.347369,31.966629,42.628114,10,10,9005,6995,77.679067,22.320933,4.415115,73.547429,94.681143,10,10,300,229,76.333333,23.666667,0.425577,4.082743,5.348571,20,20,9305,7224,77.635680,22.364320,4.288647,77.630171,100.029714,10,10,446,342,76.681614,23.318386,12.286747,41.118171,53.621943,0,0,0,0,0,0,0.000000,0.000000,0.000000,0,0,0,0,0.000000,0.000000,0.000000,0.000000
OLSR,5,1,10,11,100.000000,1000.000000,300.000000,20.000000,10.000000,0,2.000000,20.000000,120.000000,20.000000,-85.000000,20.000000,90.000000,0,10,10,3280,2572,78.414634,21.585366,1.779443,45.855086,58.477714,10,10,13231,10089,76.252740,23.747260,6.244095,106.078629,139.114514,10,10,425,302,71.058824,28.941176,5.150855,5.384229,7.577143,20,20,13656,10391,76.091095,23.908905,6.212321,111.462857,146.691657,10,10,557,479,85.996409,14.003591,1.064394,57.589486,66.967314,0,0,0,0,0,0,0.000000,0.000000,0.000000,0,0,0,0,0.000000,0.000000,0.000000,0.000000
OLSR,1,1,12,13,100.000000,1000.000000,300.000000,20.000000,10.000000,0,2.000000,20.000000,120.000000,20.000000,-85.000000,20.000000,90.000000,0,12,12,3914,2874,73.428717,26.571283,1.928500,51.239314,69.781029,12,12,15474,11821,76.392659,23.607341,6.083144,124.289371,162.698057,12,12,483,383,79.296066,20.703934,4.124066,6.828343,8.611200,24,24,15957,12204,76.480541,23.519459,6.021662,131.117714,171.309257,11,9,712,515,72.331461,27.668539,0.950393,61.917714,85.602743,0,0,0,0,0,0,0.000000,0.000000,0.000000,0,0,0,0,0.000000,0.000000,0.000000,0.000000
OLSR,2,1,12,13,100.000000,1000.000000,300.000000,20.000000,10.000000,0,2.000000,20.000000,120.000000,20.000000,-85.000000,20.000000,90.000000,0,12,12,3934,3019,76.741230,23.258770,5.985433,53.824457,70.137600,12,12,15585,12087,77.555342,22.444658,6.775982,127.086171,163.865143,12,12,614,475,77.361564,22.638436,3.913051,8.468571,10.946743,24,24,16199,12562,77.547997,22.452003,6.667728,135.554743,174.811886,12,12,966,773,80.020704,19.979296,1.063361,92.936686,116.140800,0,0,0,0,0,0,0.000000,0.000000,0.000000,0,0,0,0,0.000000,0.000000,0.000000,0.000000
OLSR,3,1,12,13,100.000000,1000.000000,300.000000,20.000000,10.000000,0,2.000000,20.000000,120.000000,20.000000,-85.000000,20.000000,90.000000,0,12,12,3777,2706,71.644162,28.355838,10.502243,48.244114,67.338514,12,12,14836,11914,80.304664,19.695336,6.798713,125.267200,155.989943,12,12,556,467,83.992806,16.007194,2.328868,8.325943,9.912686,24,24,15392,12381,80.437890,19.562110,6.630115,133.593143,165.902629,12,12,756,583,77.116402,22.883598,1.167287,70.093257,90.892800,0,0,0,0,0,0,0.000000,0.000000,0.000000,0,0,0,0,0.000000,0.000000,0.000000,0.000000
OLSR,4,1,12,13,100.000000,1000.000000,300.000000,20.000000,10.000000,0,2.000000,20.000000,120.000000,20.000000,-85.000000,20.000000,90.000000,0,12,12,3707,2710,73.104937,26.895063,16.224015,48.315429,66.090514,12,12,14411,10694,74.207203,25.792797,5.318061,112.439771,151.521371,12,12,521,426,81.765835,18.234165,2.086711,7.594971,9.288686,24,24,14932,11120,74.470935,25.529065,5.194270,120.034743,160.810057,12,12,634,450,70.977918,29.022082,1.096998,54.102857,76.224914,0,0,0,0,0,0,0.000000,0.000000,0.000000,0,0,0,0,0.000000,0.000000,0.000000,0.000000
OLSR,5,1,12,13,100.000000,1000.000000,300.000000,20.000000,10.000000,0,2.000000,20.000000,120.000000,20.000000,-85.000000,20.000000,90.000000,0,12,12,3762,2608,69.324827,30.675173,9.083825,46.496914,67.071086,12,12,14867,10444,70.249546,29.750454,6.195523,109.811200,156.315886,12,12,562,419,74.555160,25.444840,3.075608,7.470171,10.019657,24,24,15429,10863,70.406378,29.593622,6.075184,117.281371,166.335543,12,12,593,422,71.163575,28.836425,3.555953,50.736457,71.295543,0,0,0,0,0,0,0.000000,0.000000,0.000000,0,0,0,0,0.000000,0.000000,0.000000,0.000000
OLSR,1,1,15,16,100.000000,1000.000000,300.000000,20.000000,10.000000,0,2.000000,20.000000,120.000000,20.000000,-85.000000,20.000000,90.000000,0,15,15,4931,3059,62.036098,37.963902,3.751408,54.537600,87.912686,15,15,19307,13246,68.607241,31.392759,9.073580,139.272229,202.999314,15,15,671,452,67.362146,32.637854,5.858780,8.058514,11.962971,30,30,19978,13698,68.565422,31.434578,8.967499,147.330743,214.962286,14,13,1102,651,59.074410,40.925590,7.196608,78.268800,132.491886,0,0,0,0,0,0,0.000000,0.000000,0.000000,0,0,0,0,0.000000,0.000000,0.000000,0.000000
OLSR,2,1,15,16,100.000000,1000.000000,300.000000,20.000000,10.000000,0,2.000000,20.000000,120.000000,20.000000,-85.000000,20.000000,90.000000,0,15,15,4863,3590,73.822743,26.177257,7.452738,64.004571,86.700343,15,15,19114,15402,80.579680,19.420320,8.497409,161.941029,200.970057,15,15,638,490,76.802508,23.197492,5.970724,8.736000,11.374629,30,30,19752,15892,80.457675,19.542325,8.419504,170.677029,212.344686,15,15,1128,843,74.734043,25.265957,3.446035,101.352686,135.617829,0,0,0,0,0,0,0.000000,0.000000,0.000000,0,0,0,0,0.000000,0.000000,0.000000,0.000000
OLSR,3,1,15,16,100.000000,1000.000000,300.000000,20.000000,10.000000,0,2.000000,20.000000,120.000000,20.000000,-85.000000,20.000000,90.000000,0,15,15,4942,3578,72.399838,27.600162,10.125630,63.790629,88.108800,15,15,19975,13410,67.133917,32.866083,5.935102,140.996571,210.022857,15,14,684,466,68.128655,31.871345,5.316876,8.308114,12.194743,30,29,20659,13876,67.166852,32.833148,5.914340,149.304686,222.217600,15,15,1055,734,69.573460,30.426540,1.502985,88.247771,126.841143,0,0,0,0,0,0,0.000000,0.000000,0.000000,0,0,0,0,0.000000,0.000000,0.000000,0.000000
OLSR,4,1,15,16,100.000000,1000.000000,300.000000,20.000000,10.000000,0,2.000000,20.000000,120.000000,20.000000,-85.000000,20.000000,90.000000,0,15,15,4932,3703,75.081103,24.918897,5.742923,66.019200,87.930514,15,15,19498,14601,74.884604,25.115396,8.556807,153.519086,205.007543,15,14,663,518,78.129713,21.870287,4.696915,9.235200,11.820343,30,29,20161,15119,74.991320,25.008680,8.424561,162.754286,216.827886,15,13,845,627,74.201183,25.798817,1.304555,75.383314,101.593143,0,0,0,0,0,0,0.000000,0.000000,0.000000,0,0,0,0,0.000000,0.000000,0.000000,0.000000
OLSR,5,1,15,16,100.000000,1000.000000,300.000000,20.000000,10.000000,0,2.000000,20.000000,120.000000,20.000000,-85.000000,20.000000,90.000000,0,15,15,4889,3715,75.986909,24.013091,6.497655,66.233143,87.163886,15,15,19459,16082,82.645562,17.354438,7.947006,169.090743,204.597486,15,15,643,516,80.248834,19.751166,5.898775,9.199543,11.463771,30,30,20102,16598,82.568899,17.431101,7.883331,178.290286,216.061257,14,13,1403,993,70.776907,29.223093,1.120255,119.386971,168.680686,0,0,0,0,0,0,0.000000,0.000000,0.000000,0,0,0,0,0.000000,0.000000,0.000000,0.000000
DSDV,1,1,5,6,100.000000,1000.000000,300.000000,20.000000,10.000000,0,2.000000,20.000000,120.000000,20.000000,-85.000000,20.000000,90.000000,0,5,5,1744,823,47.190367,52.809633,10.262704,14.672914,31.093029,5,5,6885,3823,55.526507,44.473493,14.893744,40.196114,72.390857,5,5,247,109,44.129555,55.870445,4.301978,1.943314,4.403657,10,10,7132,3932,55.131800,44.868200,14.600127,42.139429,76.794514,5,4,398,90,22.613065,77.386935,0.797784,10.820571,47.850971,0,0,0,0,0,0,0.000000,0.000000,0.000000,0,0,0,0,0.000000,0.000000,0.000000,0.000000
DSDV,2,1,5,6,100.000000,1000.000000,300.000000,20.000000,10.000000,0,2.000000,20.000000,120.000000,20.000000,-85.000000,20.000000,90.000000,0,5,4,1744,798,45.756881,54.243119,6.942535,14.227200,31.093029,5,4,6885,3232,46.942629,53.057371,2.213220,33.982171,72.390857,5,4,337,166,49.258160,50.741840,0.381999,2.959543,6.008229,10,8,7222,3398,47.050678,52.949322,2.123760,36.941714,78.399086,5,3,306,100,32.679739,67.320261,2.390358,12.022857,36.789943,0,0,0,0,0,0,0.000000,0.000000,0.000000,0,0,0,0,0.000000,0.000000,0.000000,0.000000
DSDV,3,1,5,6,100.000000,1000.000000,300.000000,20.000000,10.000000,0,2.000000,20.000000,120.000000,20.000000,-85.000000,20.000000,90.000000,0,5,5,1744,1013,58.084862,41.915138,1.098321,18.060343,31.093029,5,5,6885,4075,59.186638,40.813362,3.832636,42.845714,72.390857,5,4,187,117,62.566845,37.433155,1.929437,2.085943,3.333943,10,9,7072,4192,59.276018,40.723982,3.779517,44.931657,75.724800,5,5,412,273,66.262136,33.737864,1.171613,32.822400,49.534171,0,0,0,0,0,0,0.000000,0.000000,0.000000,0,0,0,0,0.000000,0.000000,0.000000,0.000000
DSDV,4,1,5,6,100.000000,1000.000000,300.000000,20.000000,10.000000,0,2.000000,20.000000,120.000000,20.000000,-85.000000,20.000000,90.000000,0,5,4,1744,715,40.997706,59.002294,67.767638,12.747429,31.093029,5,5,6885,2959,42.977487,57.022513,30.376360,31.111771,72.390857,5,4,253,117,46.245059,53.754941,2.555404,2.085943,4.510629,10,9,7138,3076,43.093303,56.906697,29.318150,33.197714,76.901486,5,3,439,226,51.480638,48.519362,0.819837,27.171657,52.780343,0,0,0,0,0,0,0.000000,0.000000,0.000000,0,0,0,0,0.000000,0.000000,0.000000,0.000000
DSDV,5,1,5,6,100.000000,1000.000000,300.000000,20.000000,10.000000,0,2.000000,20.000000,120.000000,20.000000,-85.000000,20.000000,90.000000,0,5,5,1744,1010,57.912844,42.087156,47.564998,18.006857,31.093029,5,5,6885,4030,58.533043,41.466957,14.034996,42.372571,72.390857,5,5,181,99,54.696133,45.303867,2.833153,1.765029,3.226971,10,10,7066,4129,58.434758,41.565242,13.766412,44.137600,75.617829,5,4,310,203,65.483871,34.516129,0.561828,24.406400,37.270857,0,0,0,0,0,0,0.000000,0.000000,0.000000,0,0,0,0,0.000000,0.000000,0.000000,0.000000
DSDV,1,1,8,9,100.000000,1000.000000,300.000000,20.000000,10.000000,0,2.000000,20.000000,120.000000,20.000000,-85.000000,20.000000,90.000000,0,8,8,2788,1703,61.083214,38.916786,0.692770,30.362057,49.706057,8,8,11004,6969,63.331516,36.668484,9.286303,73.274057,115.699200,8,8,367,202,55.040872,44.959128,6.625166,3.601371,6.543086,16,16,11371,7171,63.063935,36.936065,9.211342,76.875429,122.242286,8,8,550,289,52.545455,47.454545,0.561163,34.746057,66.125714,0,0,0,0,0,0,0.000000,0.000000,0.000000,0,0,0,0,0.000000,0.000000,0.000000,0.000000
DSDV,2,1,8,9,100.000000,1000.000000,300.000000,20.000000,10.000000,0,2.000000,20.000000,120.000000,20.000000,-85.000000,20.000000,90.000000,0,8,7,2788,1622,58.177905,41.822095,1.903183,28.917943,49.706057,8,7,11004,4853,44.102145,55.897855,4.802933,51.025829,115.699200,8,7,346,165,47.687861,52.312139,3.336849,2.941714,6.168686,16,14,11350,5018,44.211454,55.788546,4.754725,53.967543,121.867886,8,7,410,310,75.609756,24.390244,0.687043,37.270857,49.293714,0,0,0,0,0,0,0.000000,0.000000,0.000000,0,0,0,0,0.000000,0.000000,0.000000,0.000000
DSDV,3,1,8,9,100.000000,1000.000000,300.000000,20.000000,10.000000,0,2.000000,20.000000,120.000000,20.000000,-85.000000,20.000000,90.000000,0,8,8,2788,1913,68.615495,31.384505,25.915225,34.106057,49.706057,8,8,11004,7663,69.638313,30.361687,6.572271,80.570971,115.699200,8,8,417,286,68.585132,31.414868,2.861278,5.098971,7.434514,16,16,11421,7949,69.599860,30.400140,6.438752,85.669943,123.133714,8,7,515,271,52.621359,47.378641,4.556248,32.581943,61.917714,0,0,0,0,0,0,0.000000,0.000000,0.000000,0,0,0,0,0.000000,0.000000,0.000000,0.000000
DSDV,4,1,8,9,100.000000,1000.000000,300.000000,20.000000,10.000000,0,2.000000,20.000000,120.000000,20.000000,-85.000000,20.000000,90.000000,0,8,8,2788,1615,57.926829,42.073171,8.165711,28.793143,49.706057,8,8,11004,6569,59.696474,40.303526,4.210794,69.068343,115.699200,8,8,307,164,53.420195,46.579805,4.815037,2.923886,5.473371,16,16,11311,6733,59.526125,40.473875,4.225512,71.992229,121.172571,8,6,484,240,49.586777,50.413223,0.842659,28.854857,58.190629,0,0,0,0,0,0,0.000000,0.000000,0.000000,0,0,0,0,0.000000,0.000000,0.000000,0.000000
DSDV,5,1,8,9,100.000000,1000.000000,300.000000,20.000000,10.000000,0,2.000000,20.000000,120.000000,20.000000,-85.000000,20.000000,90.000000,0,8,8,2788,1373,49.246772,50.753228,93.527326,24.478629,49.706057,8,8,11004,5537,50.318066,49.681934,33.236007,58.217600,115.699200,8,8,442,250,56.561086,43.438914,5.994237,4.457143,7.880229,16,16,11446,5787,50.559147,49.440853,32.059155,62.674743,123.579429,8,7,623,255,40.930979,59.069021,8.533902,30.658286,74.902400,0,0,0,0,0,0,0.000000,0.000000,0.000000,0,0,0,0,0.000000,0.000000,0.000000,0.000000
DSDV,1,1,10,11,100.000000,1000.000000,300.000000,20.000000,10.000000,0,2.000000,20.000000,120.000000,20.000000,-85.000000,20.000000,90.000000,0,10,10,3482,1993,57.237220,42.762780,21.858585,35.532343,62.079086,10,10,13745,7122,51.815206,48.184794,9.405296,74.882743,144.518857,10,9,374,203,54.278075,45.721925,14.465597,3.619200,6.667886,20,19,14119,7325,51.880445,48.119555,9.545533,78.501943,151.186743,10,9,805,415,51.552795,48.447205,3.897933,49.894857,96.784000,0,0,0,0,0,0,0.000000,0.000000,0.000000,0,0,0,0,0.000000,0.000000,0.000000,0.000000
DSDV,2,1,10,11,100.000000,1000.000000,300.000000,20.000000,10.000000,0,2.000000,20.000000,120.000000,20.000000,-85.000000,20.000000,90.000000,0,10,10,3482,2295,65.910396,34.089604,26.971582,40.916571,62.079086,10,10,13745,9966,72.506366,27.493634,11.100351,104.785371,144.518857,10,10,416,256,61.538462,38.461538,5.516580,4.564114,7.416686,20,20,14161,10222,72.184168,27.815832,10.960511,109.349486,151.935543,10,10,858,551,64.219114,35.780886,0.930109,66.245943,103.156114,0,0,0,0,0,0,0.000000,0.000000,0.000000,0,0,0,0,0.000000,0.000000,0.000000,0.000000
DSDV,3,1,10,11,100.000000,1000.000000,300.000000,20.000000,10.000000,0,2.000000,20.000000,120.000000,20.000000,-85.000000,20.000000,90.000000,0,10,10,3482,2557,73.434808,26.565192,20.652165,45.587657,62.079086,10,10,13745,9902,72.040742,27.959258,7.757529,104.112457,144.518857,10,10,466,331,71.030043,28.969957,5.700140,5.901257,8.308114,20,20,14211,10233,72.007600,27.992400,7.690980,110.013714,152.826971,10,10,670,493,73.582090,26.417910,1.348826,59.272686,80.553143,0,0,0,0,0,0,0.000000,0.000000,0.000000,0,0,0,0,0.000000,0.000000,0.000000,0.000000
DSDV,4,1,10,11,100.000000,1000.000000,300.000000,20.000000,10.000000,0,2.000000,20.000000,120.000000,20.000000,-85.000000,20.000000,90.000000,0,10,10,3482,1373,39.431361,60.568639,1.926562,24.478629,62.079086,10,9,13745,5348,38.908694,61.091306,4.439013,56.230400,144.518857,10,9,459,191,41.612200,58.387800,3.070010,3.405257,8.183314,20,18,14204,5539,38.996057,61.003943,4.391806,59.635657,152.702171,10,9,735,242,32.925170,67.074830,1.132941,29.095314,88.368000,0,0,0,0,0,0,0.000000,0.000000,0.000000,0,0,0,0,0.000000,0.000000,0.000000,0.000000
DSDV,5,1,10,11,100.000000,1000.000000,300.000000,20.000000,10.000000,0,2.000000,20.000000,120.000000,20.000000,-85.000000,20.000000,90.000000,0,10,10,3482,2437,69.988512,30.011488,1.214672,43.448229,62.079086,10,10,13745,8743,63.608585,36.391415,11.475751,91.926400,144.518857,10,10,446,272,60.986547,39.013453,7.545735,4.849371,7.951543,20,20,14191,9015,63.526179,36.473821,11.357174,96.775771,152.470400,10,10,581,451,77.624785,22.375215,0.775939,54.223086,69.852800,0,0,0,0,0,0,0.000000,0.000000,0.000000,0,0,0,0,0.000000,0.000000,0.000000,0.000000
DSDV,1,1,12,13,100.000000,1000.000000,300.000000,20.000000,10.000000,0,2.000000,20.000000,120.000000,20.000000,-85.000000,20.000000,90.000000,0,12,12,4176,2699,64.631226,35.368774,1.652103,48.119314,74.452114,12,12,16482,10565,64.100231,35.899769,7.941457,111.083429,173.296457,12,11,542,354,65.313653,34.686347,6.538397,6.311314,9.663086,24,23,17024,10919,64.138863,35.861137,7.895969,117.394743,182.959543,12,11,724,520,71.823204,28.176796,0.987049,62.518857,87.045486,0,0,0,0,0,0,0.000000,0.000000,0.000000,0,0,0,0,0.000000,0.000000,0.000000,0.000000
DSDV,2,1,12,13,100.000000,1000.000000,300.000000,20.000000,10.000000,0,2.000000,20.000000,120.000000,20.000000,-85.000000,20.000000,90.000000,0,12,12,4176,2653,63.529693,36.470307,2.887479,47.299200,74.452114,12,12,16482,10466,63.499575,36.500425,9.584487,110.042514,173.296457,12,12,636,435,68.396226,31.603774,6.314479,7.755429,11.338971,24,24,17118,10901,63.681505,36.318495,9.453999,117.797943,184.635429,12,12,996,611,61.345382,38.654618,1.029517,73.459657,119.747657,0,0,0,0,0,0,0.000000,0.000000,0.000000,0,0,0,0,0.000000,0.000000,0.000000,0.000000
DSDV,3,1,12,13,100.000000,1000.000000,300.000000,20.000000,10.000000,0,2.000000,20.000000,120.000000,20.000000,-85.000000,20.000000,90.000000,0,12,12,4176,2382,57.040230,42.959770,9.233997,42.467657,74.452114,12,12,16482,9793,59.416333,40.583667,7.850176,102.966400,173.296457,12,11,624,414,66.346154,33.653846,2.483739,7.381029,11.125029,24,23,17106,10207,59.669122,40.330878,7.632511,110.347429,184.421486,12,11,844,523,61.966825,38.033175,1.491477,62.879543,101.472914,0,0,0,0,0,0,0.000000,0.000000,0.000000,0,0,0,0,0.000000,0.000000,0.000000,0.000000
DSDV,4,1,12,13,100.000000,1000.000000,300.000000,20.000000,10.000000,0,2.000000,20.000000,120.000000,20.000000,-85.000000,20.000000,90.000000,0,12,12,4176,2543,60.895594,39.104406,4.624609,45.338057,74.452114,12,12,16482,9836,59.677224,40.322776,9.098789,103.418514,173.296457,12,12,606,401,66.171617,33.828383,8.229649,7.149257,10.804114,24,24,17088,10237,59.907537,40.092463,9.064743,110.567771,184.100571,12,12,700,415,59.285714,40.714286,1.285253,49.894857,84.160000,0,0,0,0,0,0,0.000000,0.000000,0.000000,0,0,0,0,0.000000,0.000000,0.000000,0.000000
DSDV,5,1,12,13,100.000000,1000.000000,300.000000,20.000000,10.000000,0,2.000000,20.000000,120.000000,20.000000,-85.000000,20.000000,90.000000,0,12,12,4176,2235,53.520115,46.479885,18.384336,39.846857,74.452114,12,12,16482,8615,52.269142,47.730858,14.325427,90.580571,173.296457,12,12,622,324,52.090032,47.909968,7.169672,5.776457,11.089371,24,24,17104,8939,52.262629,47.737371,14.066062,96.357029,184.385829,12,11,630,318,50.476190,49.523810,0.915247,38.232686,75.744000,0,0,0,0,0,0,0.000000,0.000000,0.000000,0,0,0,0,0.000000,0.000000,0.000000,0.000000
DSDV,1,1,15,16,100.000000,1000.000000,300.000000,20.000000,10.000000,0,2.000000,20.000000,120.000000,20.000000,-85.000000,20.000000,90.000000,0,15,15,5214,3042,58.342923,41.657077,3.791611,54.234514,92.958171,15,15,20580,11384,55.315841,44.684159,13.295077,119.694629,216.384000,15,14,723,403,55.739972,44.260028,11.321915,7.184914,12.890057,30,29,21303,11787,55.330235,44.669765,13.227614,126.879543,229.274057,14,13,1128,710,62.943262,37.056738,1.479404,85.362286,135.617829,0,0,0,0,0,0,0.000000,0.000000,0.000000,0,0,0,0,0.000000,0.000000,0.000000,0.000000
DSDV,2,1,15,16,100.000000,1000.000000,300.000000,20.000000,10.000000,0,2.000000,20.000000,120.000000,20.000000,-85.000000,20.000000,90.000000,0,15,15,5214,2912,55.849636,44.150364,8.958087,51.916800,92.958171,15,15,20580,14022,68.134111,31.865889,10.806617,147.431314,216.384000,15,15,667,458,68.665667,31.334333,9.395947,8.165486,11.891657,30,30,21247,14480,68.150798,31.849202,10.761998,155.596800,228.275657,15,13,1224,667,54.493464,45.506536,6.322338,80.192457,147.159771,0,0,0,0,0,0,0.000000,0.000000,0.000000,0,0,0,0,0.000000,0.000000,0.000000,0.000000
DSDV,3,1,15,16,100.000000,1000.000000,300.000000,20.000000,10.000000,0,2.000000,20.000000,120.000000,20.000000,-85.000000,20.000000,90.000000,0,15,15,5214,3512,67.357115,32.642885,6.468746,62.613943,92.958171,15,15,20580,13118,63.741497,36.258503,8.420361,137.926400,216.384000,15,15,700,477,68.142857,31.857143,7.517366,8.504229,12.480000,30,30,21280,13595,63.886278,36.113722,8.388678,146.430629,228.864000,15,15,1175,754,64.170213,35.829787,0.996783,90.652343,141.268571,0,0,0,0,0,0,0.000000,0.000000,0.000000,0,0,0,0,0.000000,0.000000,0.000000,0.000000
DSDV,4,1,15,16,100.000000,1000.000000,300.000000,20.000000,10.000000,0,2.000000,20.000000,120.000000,20.000000,-85.000000,20.000000,90.000000,0,15,15,5214,3235,62.044496,37.955504,9.048478,57.675429,92.958171,15,15,20580,12521,60.840622,39.159378,9.403631,131.649371,216.384000,15,14,717,452,63.040446,36.959554,5.638247,8.058514,12.783086,30,29,21297,12973,60.914683,39.085317,9.272439,139.707886,229.167086,15,13,906,566,62.472406,37.527594,2.247356,68.049371,108.927086,0,0,0,0,0,0,0.000000,0.000000,0.000000,0,0,0,0,0.000000,0.000000,0.000000,0.000000
DSDV,5,1,15,16,100.000000,1000.000000,300.000000,20.000000,10.000000,0,2.000000,20.000000,120.000000,20.000000,-85.000000,20.000000,90.000000,0,15,15,5214,3707,71.097046,28.902954,8.904809,66.090514,92.958171,15,15,20580,13706,66.598639,33.401361,11.615437,144.108800,216.384000,15,15,685,436,63.649635,36.350365,12.599293,7.773257,12.212571,30,30,21265,14142,66.503644,33.496356,11.645769,151.882057,228.596571,14,13,1446,1039,71.853389,28.146611,2.953679,124.917486,173.850514,0,0,0,0,0,0,0.000000,0.000000,0.000000,0,0,0,0,0.000000,0.000000,0.000000,0.000000
AODV_ETX,1,1,5,6,100.000000,1000.000000,300.000000,20.000000,10.000000,0,2.000000,20.000000,120.000000,20.000000,-85.000000,20.000000,90.000000,0,5,5,1744,1332,76.376147,23.623853,499.877678,23.747657,31.093029,5,5,6885,4747,68.946986,31.053014,41.775917,49.911314,72.390857,5,5,247,181,73.279352,26.720648,104.832994,3.226971,4.403657,10,10,7132,4928,69.097027,30.902973,44.091933,53.138286,76.794514,5,5,398,222,55.778894,44.221106,1054.418545,26.690743,47.850971,23,21,95,92,4406,4250,0.503543,0.004862,0.014656,0,0,0,0,0.000000,0.000000,0.000000,0.000000
AODV_ETX,2,1,5,6,100.000000,1000.000000,300.000000,20.000000,10.000000,0,2.000000,20.000000,120.000000,20.000000,-85.000000,20.000000,90.000000,0,5,4,1744,1215,69.667431,30.332569,226.016989,21.661714,31.093029,5,4,6885,4598,66.782861,33.217139,9.926994,48.344686,72.390857,5,4,337,241,71.513353,28.486647,0.858012,4.296686,6.008229,10,8,7222,4839,67.003600,32.996400,9.475326,52.641371,78.399086,5,4,306,237,77.450980,22.549020,0.608223,28.494171,36.789943,18,17,53,49,2474,2266,0.282743,0.002750,0.008425,0,0,0,0,0.000000,0.000000,0.000000,0.000000
AODV_ETX,3,1,5,6,100.000000,1000.000000,300.000000,20.000000,10.000000,0,2.000000,20.000000,120.000000,20.000000,-85.000000,20.000000,90.000000,0,5,5,1744,1216,69.724771,30.275229,308.605476,21.679543,31.093029,5,5,6885,4581,66.535948,33.464052,42.194677,48.165943,72.390857,5,4,187,117,62.566845,37.433155,0.156556,2.085943,3.333943,10,9,7072,4698,66.430995,33.569005,41.147751,50.251886,75.724800,5,5,412,321,77.912621,22.087379,366.840813,38.593371,49.534171,18,17,50,49,2298,2246,0.262629,0.002376,0.008019,0,0,0,0,0.000000,0.000000,0.000000,0.000000
AODV_ETX,4,1,5,6,100.000000,1000.000000,300.000000,20.000000,10.000000,0,2.000000,20.000000,120.000000,20.000000,-85.000000,20.000000,90.000000,0,5,5,1744,927,53.153670,46.846330,803.445510,16.527086,31.093029,5,5,6885,3216,46.710240,53.289760,79.075481,33.813943,72.390857,5,4,253,117,46.245059,53.754941,0.139760,2.085943,4.510629,10,9,7138,3333,46.693752,53.306248,76.304560,35.899886,76.901486,5,5,439,310,70.615034,29.384966,1046.567489,37.270857,52.780343,17,16,37,36,1716,1664,0.196114,0.002186,0.008096,0,0,0,0,0.000000,0.000000,0.000000,0.000000
AODV_ETX,5,1,5,6,100.000000,1000.000000,300.000000,20.000000,10.000000,0,2.000000,20.000000,120.000000,20.000000,-85.000000,20.000000,90.000000,0,5,5,1744,1323,75.860092,24.139908,68.815551,23.587200,31.093029,5,5,6885,3846,55.860566,44.139434,144.028651,40.437943,72.390857,5,5,181,108,59.668508,40.331492,0.328421,1.925486,3.226971,10,10,7066,3954,55.958109,44.041891,140.103607,42.363429,75.617829,5,5,310,220,70.967742,29.032258,57.166513,26.450286,37.270857,19,18,74,69,3382,3214,0.386514,0.004183,0.013462,0,0,0,0,0.000000,0.000000,0.000000,0.000000
AODV_ETX,1,1,8,9,100.000000,1000.000000,300.000000,20.000000,10.000000,0,2.000000,20.000000,120.000000,20.000000,-85.000000,20.000000,90.000000,0,8,8,2788,2142,76.829268,23.170732,131.031377,38.188800,49.706057,8,8,11004,8642,78.535078,21.464922,13.663989,90.864457,115.699200,8,8,367,252,68.664850,31.335150,0.296579,4.492800,6.543086,16,16,11371,8894,78.216516,21.783484,13.285241,95.357257,122.242286,8,8,550,394,71.636364,28.363636,5.061843,47.370057,66.125714,49,45,293,238,13836,11152,1.581257,0.008740,0.025634,0,0,0,0,0.000000,0.000000,0.000000,0.000000
AODV_ETX,2,1,8,9,100.000000,1000.000000,300.000000,20.000000,10.000000,0,2.000000,20.000000,120.000000,20.000000,-85.000000,20.000000,90.000000,0,8,8,2788,2218,79.555237,20.444763,26.636123,39.543771,49.706057,8,8,11004,8954,81.370411,18.629589,14.646226,94.144914,115.699200,8,8,346,293,84.682081,15.317919,17.450686,5.223771,6.168686,16,16,11350,9247,81.471366,18.528634,14.735088,99.368686,121.867886,8,8,410,335,81.707317,18.292683,0.661639,40.276571,49.293714,58,56,368,349,17400,16448,1.988571,0.011098,0.031186,0,0,0,0,0.000000,0.000000,0.000000,0.000000
AODV_ETX,3,1,8,9,100.000000,1000.000000,300.000000,20.000000,10.000000,0,2.000000,20.000000,120.000000,20.000000,-85.000000,20.000000,90.000000,0,8,8,2788,2245,80.523673,19.476327,7.356042,40.025143,49.706057,8,8,11004,9223,83.814976,16.185024,14.457308,96.973257,115.699200,8,8,417,374,89.688249,10.311751,0.398213,6.667886,7.434514,16,16,11421,9597,84.029419,15.970581,13.909417,103.641143,123.133714,8,8,515,397,77.087379,22.912621,1.301953,47.730743,61.917714,51,50,342,322,15868,14812,1.813486,0.009475,0.027943,0,0,0,0,0.000000,0.000000,0.000000,0.000000
AODV_ETX,4,1,8,9,100.000000,1000.000000,300.000000,20.000000,10.000000,0,2.000000,20.000000,120.000000,20.000000,-85.000000,20.000000,90.000000,0,8,8,2788,2087,74.856528,25.143472,229.174765,37.208229,49.706057,8,8,11004,9328,84.769175,15.230825,15.552668,98.077257,115.699200,8,8,307,236,76.872964,23.127036,0.873289,4.207543,5.473371,16,16,11311,9564,84.554858,15.445142,15.190442,102.284800,121.172571,8,8,484,385,79.545455,20.454545,502.212190,46.288000,58.190629,56,55,368,341,17684,16302,2.021029,0.010879,0.030575,0,0,0,0,0.000000,0.000000,0.000000,0.000000
AODV_ETX,5,1,8,9,100.000000,1000.000000,300.000000,20.000000,10.000000,0,2.000000,20.000000,120.000000,20.000000,-85.000000,20.000000,90.000000,0,8,8,2788,2044,73.314204,26.685796,100.428120,36.441600,49.706057,8,8,11004,8289,75.327154,24.672846,18.775758,87.152914,115.699200,8,8,442,351,79.411765,20.588235,0.312050,6.257829,7.880229,16,16,11446,8640,75.484886,24.515114,18.025670,93.410743,123.579429,8,8,623,475,76.243981,23.756019,320.686548,57.108571,74.902400,51,51,541,532,23990,23562,2.741714,0.014665,0.048481,0,0,0,0,0.000000,0.000000,0.000000,0.000000
AODV_ETX,1,1,10,11,100.000000,1000.000000,300.000000,20.000000,10.000000,0,2.000000,20.000000,120.000000,20.000000,-85.000000,20.000000,90.000000,0,10,10,3482,2614,75.071798,24.928202,18.421530,46.603886,62.079086,10,10,13745,10318,75.067297,24.932703,3.721732,108.486400,144.518857,10,9,374,302,80.748663,19.251337,0.346456,5.384229,6.667886,20,19,14119,10620,75.217792,24.782208,3.625750,113.870629,151.186743,10,9,805,622,77.267081,22.732919,1.700369,74.782171,96.784000,78,74,512,496,24280,23480,2.774857,0.011795,0.036952,0,0,0,0,0.000000,0.000000,0.000000,0.000000
AODV_ETX,2,1,10,11,100.000000,1000.000000,300.000000,20.000000,10.000000,0,2.000000,20.000000,120.000000,20.000000,-85.000000,20.000000,90.000000,0,10,10,3482,3107,89.230327,10.769673,8.932555,55.393371,62.079086,10,10,13745,12988,94.492543,5.507457,4.360616,136.559543,144.518857,10,10,416,394,94.711538,5.288462,0.714495,7.024457,7.416686,20,20,14161,13382,94.498976,5.501024,4.253265,143.584000,151.935543,10,10,858,747,87.062937,12.937063,9.226554,89.810743,103.156114,97,94,1166,1127,55752,53792,6.371657,0.022063,0.067649,0,0,0,0,0.000000,0.000000,0.000000,0.000000
AODV_ETX,3,1,10,11,100.000000,1000.000000,300.000000,20.000000,10.000000,0,2.000000,20.000000,120.000000,20.000000,-85.000000,20.000000,90.000000,0,10,10,3482,2988,85.812751,14.187249,30.422346,53.271771,62.079086,10,10,13745,12324,89.661695,10.338305,20.410719,129.578057,144.518857,10,10,466,413,88.626609,11.373391,13.343186,7.363200,8.308114,20,20,14211,12737,89.627753,10.372247,20.181552,136.941257,152.826971,10,10,670,607,90.597015,9.402985,10.964077,72.978743,80.553143,82,79,1218,1158,59424,56610,6.791314,0.025804,0.074578,0,0,0,0,0.000000,0.000000,0.000000,0.000000
AODV_ETX,4,1,10,11,100.000000,1000.000000,300.000000,20.000000,10.000000,0,2.000000,20.000000,120.000000,20.000000,-85.000000,20.000000,90.000000,0,10,10,3482,2543,73.032740,26.967260,50.508258,45.338057,62.079086,10,10,13745,10090,73.408512,26.591488,37.506850,106.089143,144.518857,10,10,459,343,74.727669,25.272331,12.254442,6.115200,8.183314,20,20,14204,10433,73.451141,26.548859,36.676640,112.204343,152.702171,10,10,735,532,72.380952,27.619048,80.788866,63.961600,88.368000,64,62,1048,1025,50158,48918,5.732343,0.025879,0.077584,0,0,0,0,0.000000,0.000000,0.000000,0.000000
AODV_ETX,5,1,10,11,100.000000,1000.000000,300.000000,20.000000,10.000000,0,2.000000,20.000000,120.000000,20.000000,-85.000000,20.000000,90.000000,0,10,10,3482,3192,91.671453,8.328547,45.460430,56.908800,62.079086,10,10,13745,12595,91.633321,8.366679,21.004418,132.427429,144.518857,10,10,446,398,89.237668,10.762332,20.180651,7.095771,7.951543,20,20,14191,12993,91.558030,8.441970,20.979184,139.523200,152.470400,10,10,581,543,93.459552,6.540448,2.746870,65.284114,69.852800,66,64,827,774,39842,37428,4.553371,0.017398,0.049438,0,0,0,0,0.000000,0.000000,0.000000,0.000000
AODV_ETX,1,1,12,13,100.000000,1000.000000,300.000000,20.000000,10.000000,0,2.000000,20.000000,120.000000,20.000000,-85.000000,20.000000,90.000000,0,12,12,4176,3400,81.417625,18.582375,30.366912,60.617143,74.452114,12,12,16482,14647,88.866642,11.133358,12.812083,154.002743,173.296457,12,12,542,464,85.608856,14.391144,27.348550,8.272457,9.663086,24,24,17024,15111,88.762923,11.237077,13.258441,162.275200,182.959543,12,11,724,678,93.646409,6.353591,54.032259,81.514971,87.045486,105,99,1196,1033,58046,49798,6.633829,0.021793,0.062327,0,0,0,0,0.000000,0.000000,0.000000,0.000000
AODV_ETX,2,1,12,13,100.000000,1000.000000,300.000000,20.000000,10.000000,0,2.000000,20.000000,120.000000,20.000000,-85.000000,20.000000,90.000000,0,12,12,4176,3790,90.756705,9.243295,9.061342,67.570286,74.452114,12,12,16482,15622,94.782187,5.217813,3.008959,164.254171,173.296457,12,12,636,607,95.440252,4.559748,0.596895,10.821943,11.338971,24,24,17118,16229,94.806636,5.193364,2.918743,175.076114,184.635429,12,12,996,889,89.257028,10.742972,11.547049,106.883200,119.747657,102,101,1009,996,48278,47666,5.517486,0.015785,0.048259,0,0,0,0,0.000000,0.000000,0.000000,0.000000
AODV_ETX,3,1,12,13,100.000000,1000.000000,300.000000,20.000000,10.000000,0,2.000000,20.000000,120.000000,20.000000,-85.000000,20.000000,90.000000,0,12,12,4176,3567,85.416667,14.583333,10.588046,63.594514,74.452114,12,12,16482,14736,89.406625,10.593375,6.024526,154.938514,173.296457,12,12,624,554,88.782051,11.217949,7.107537,9.877029,11.125029,24,24,17106,15290,89.383842,10.616158,6.063766,164.815543,184.421486,12,12,844,740,87.677725,12.322275,2.008336,88.969143,101.472914,116,113,1278,1219,61512,58446,7.029943,0.022150,0.065214,0,0,0,0,0.000000,0.000000,0.000000,0.000000
AODV_ETX,4,1,12,13,100.000000,1000.000000,300.000000,20.000000,10.000000,0,2.000000,20.000000,120.000000,20.000000,-85.000000,20.000000,90.000000,0,12,12,4176,3409,81.633142,18.366858,49.826685,60.777600,74.452114,12,12,16482,13389,81.234074,18.765926,31.697249,140.775771,173.296457,12,12,606,508,83.828383,16.171617,6.940200,9.056914,10.804114,24,24,17088,13897,81.326077,18.673923,30.792264,149.832686,184.100571,12,12,700,546,78.000000,22.000000,21.012842,65.644800,84.160000,115,112,3528,3428,168250,162960,19.228571,0.069604,0.197625,0,0,0,0,0.000000,0.000000,0.000000,0.000000
AODV_ETX,5,1,12,13,100.000000,1000.000000,300.000000,20.000000,10.000000,0,2.000000,20.000000,120.000000,20.000000,-85.000000,20.000000,90.000000,0,12,12,4176,2662,63.745211,36.254789,18.990768,47.459657,74.452114,12,12,16482,14116,85.644946,14.355054,4.113589,148.419657,173.296457,12,12,622,547,87.942122,12.057878,3.183588,9.752229,11.089371,24,24,17104,14663,85.728485,14.271515,4.078896,158.171886,184.385829,12,12,630,434,68.888889,31.111111,22.159324,52.179200,75.744000,132,125,1308,1170,63356,56476,7.240686,0.028085,0.073653,0,0,0,0,0.000000,0.000000,0.000000,0.000000
AODV_ETX,1,1,15,16,100.000000,1000.000000,300.000000,20.000000,10.000000,0,2.000000,20.000000,120.000000,20.000000,-85.000000,20.000000,90.000000,0,15,15,5214,4328,83.007288,16.992712,9.126239,77.162057,92.958171,15,15,20580,18363,89.227405,10.772595,24.400181,193.073829,216.384000,15,15,723,650,89.903181,10.096819,26.033605,11.588571,12.890057,30,30,21303,19013,89.250340,10.749660,24.456023,204.662400,229.274057,14,14,1128,893,79.166667,20.833333,8.609989,107.364114,135.617829,202,200,7614,7336,370774,357074,42.374171,0.108878,0.314187,0,0,0,0,0.000000,0.000000,0.000000,0.000000
AODV_ETX,2,1,15,16,100.000000,1000.000000,300.000000,20.000000,10.000000,0,2.000000,20.000000,120.000000,20.000000,-85.000000,20.000000,90.000000,0,15,15,5214,4242,81.357883,18.642117,75.247302,75.628800,92.958171,15,15,20580,17989,87.410107,12.589893,5.686779,189.141486,216.384000,15,15,667,595,89.205397,10.794603,0.617355,10.608000,11.891657,30,30,21247,18584,87.466466,12.533534,5.524473,199.749486,228.275657,15,14,1224,1066,87.091503,12.908497,3.055526,128.163657,147.159771,187,182,3255,3081,156866,148342,17.927543,0.044425,0.136238,0,0,0,0,0.000000,0.000000,0.000000,0.000000
AODV_ETX,3,1,15,16,100.000000,1000.000000,300.000000,20.000000,10.000000,0,2.000000,20.000000,120.000000,20.000000,-85.000000,20.000000,90.000000,0,15,15,5214,4710,90.333717,9.666283,79.428804,83.972571,92.958171,15,15,20580,18119,88.041788,11.958212,13.534172,190.508343,216.384000,15,15,700,601,85.857143,14.142857,4.172629,10.714971,12.480000,30,30,21280,18720,87.969925,12.030075,13.233623,201.223314,228.864000,15,15,1175,1072,91.234043,8.765957,232.874450,128.885029,141.268571,201,195,2962,2885,143296,139604,16.376686,0.039549,0.120888,0,0,0,0,0.000000,0.000000,0.000000,0.000000
AODV_ETX,4,1,15,16,100.000000,1000.000000,300.000000,20.000000,10.000000,0,2.000000,20.000000,120.000000,20.000000,-85.000000,20.000000,90.000000,0,15,15,5214,4522,86.728040,13.271960,11.680313,80.620800,92.958171,15,15,20580,17938,87.162293,12.837707,6.721749,188.605257,216.384000,15,15,717,634,88.423989,11.576011,9.807722,11.303314,12.783086,30,30,21297,18572,87.204771,12.795229,6.827096,199.908571,229.167086,15,15,906,782,86.313466,13.686534,11.388011,94.018743,108.927086,184,178,4009,3835,194040,185576,22.176000,0.059207,0.167909,0,0,0,0,0.000000,0.000000,0.000000,0.000000
AODV_ETX,5,1,15,16,100.000000,1000.000000,300.000000,20.000000,10.000000,0,2.000000,20.000000,120.000000,20.000000,-85.000000,20.000000,90.000000,0,15,15,5214,4187,80.303030,19.696970,10.404383,74.648229,92.958171,15,15,20580,19169,93.143829,6.856171,6.022292,201.548343,216.384000,15,15,685,653,95.328467,4.671533,7.071197,11.642057,12.212571,30,30,21265,19822,93.214202,6.785798,6.056846,213.190400,228.596571,14,13,1446,1156,79.944675,20.055325,3.786929,138.984229,173.850514,173,168,2120,1968,102302,94650,11.691657,0.027392,0.084244,0,0,0,0,0.000000,0.000000,0.000000,0.000000
QSPU,1,1,5,6,100.000000,1000.000000,300.000000,20.000000,10.000000,0,2.000000,20.000000,120.000000,20.000000,-85.000000,20.000000,90.000000,0,5,5,1744,1424,81.651376,18.348624,749.127545,25.387886,31.093029,5,5,6885,4891,71.038489,28.961511,44.959743,51.425371,72.390857,5,5,247,178,72.064777,27.935223,106.580271,3.173486,4.403657,10,10,7132,5069,71.074033,28.925967,47.123573,54.598857,76.794514,5,5,398,248,62.311558,37.688442,1518.189023,29.816686,47.850971,20,20,158,156,10792,10636,1.233371,0.011233,0.023439,0,0,0,0,0.000000,0.000000,0.000000,0.000000
QSPU,2,1,5,6,100.000000,1000.000000,300.000000,20.000000,10.000000,0,2.000000,20.000000,120.000000,20.000000,-85.000000,20.000000,90.000000,0,5,4,1744,1206,69.151376,30.848624,225.383829,21.501257,31.093029,5,4,6885,4636,67.334786,32.665214,16.615915,48.744229,72.390857,5,4,337,240,71.216617,28.783383,0.421301,4.278857,6.008229,10,8,7222,4876,67.515924,32.484076,15.818805,53.023086,78.399086,5,4,306,230,75.163399,24.836601,0.591638,27.652571,36.789943,22,20,151,137,10608,9706,1.212343,0.011865,0.023923,0,0,0,0,0.000000,0.000000,0.000000,0.000000
QSPU,3,1,5,6,100.000000,1000.000000,300.000000,20.000000,10.000000,0,2.000000,20.000000,120.000000,20.000000,-85.000000,20.000000,90.000000,0,5,5,1744,1369,78.497706,21.502294,839.780446,24.407314,31.093029,5,5,6885,4791,69.586057,30.413943,130.379889,50.373943,72.390857,5,4,187,117,62.566845,37.433155,0.155387,2.085943,3.333943,10,9,7072,4908,69.400452,30.599548,127.275515,52.459886,75.724800,5,5,412,339,82.281553,17.718447,532.817491,40.757486,49.534171,19,18,136,134,9612,9486,1.098514,0.009339,0.020556,0,0,0,0,0.000000,0.000000,0.000000,0.000000
QSPU,4,1,5,6,100.000000,1000.000000,300.000000,20.000000,10.000000,0,2.000000,20.000000,120.000000,20.000000,-85.000000,20.000000,90.000000,0,5,5,1744,942,54.013761,45.986239,883.593209,16.794514,31.093029,5,5,6885,3217,46.724764,53.275236,80.487363,33.824457,72.390857,5,4,253,117,46.245059,53.754941,0.139760,2.085943,4.510629,10,9,7138,3334,46.707761,53.292239,77.667726,35.910400,76.901486,5,5,439,316,71.981777,28.018223,1087.579600,37.992229,52.780343,18,18,97,96,6772,6724,0.773943,0.008533,0.021124,0,0,0,0,0.000000,0.000000,0.000000,0.000000
QSPU,5,1,5,6,100.000000,1000.000000,300.000000,20.000000,10.000000,0,2.000000,20.000000,120.000000,20.000000,-85.000000,20.000000,90.000000,0,5,5,1744,1331,76.318807,23.681193,64.345234,23.729829,31.093029,5,5,6885,5245,76.180102,23.819898,107.583824,55.147429,72.390857,5,5,181,143,79.005525,20.994475,0.321056,2.549486,3.226971,10,10,7066,5388,76.252477,23.747523,104.737021,57.696914,75.617829,5,5,310,220,70.967742,29.032258,57.333692,26.450286,37.270857,23,23,182,182,12160,12160,1.389714,0.012882,0.026229,0,0,0,0,0.000000,0.000000,0.000000,0.000000
QSPU,1,1,8,9,100.000000,1000.000000,300.000000,20.000000,10.000000,0,2.000000,20.000000,120.000000,20.000000,-85.000000,20.000000,90.000000,0,8,8,2788,1878,67.360115,32.639885,244.691243,33.482057,49.706057,8,8,11004,9378,85.223555,14.776445,28.165344,98.602971,115.699200,8,8,367,314,85.558583,14.441417,66.151697,5.598171,6.543086,16,16,11371,9692,85.234368,14.765632,29.396020,104.201143,122.242286,8,7,550,387,70.363636,29.636364,266.602110,46.528457,66.125714,59,56,858,715,45882,37384,5.243657,0.028465,0.071757,0,0,0,0,0.000000,0.000000,0.000000,0.000000
QSPU,2,1,8,9,100.000000,1000.000000,300.000000,20.000000,10.000000,0,2.000000,20.000000,120.000000,20.000000,-85.000000,20.000000,90.000000,0,8,8,2788,2389,85.688666,14.311334,28.216108,42.592457,49.706057,8,8,11004,7913,71.910214,28.089786,7.720392,83.199543,115.699200,8,8,346,265,76.589595,23.410405,16.658130,4.724571,6.168686,16,16,11350,8178,72.052863,27.947137,8.010011,87.924114,121.867886,8,8,410,389,94.878049,5.121951,0.756241,46.768914,49.293714,55,52,427,415,27708,27114,3.166629,0.017862,0.038974,0,0,0,0,0.000000,0.000000,0.000000,0.000000
QSPU,3,1,8,9,100.000000,1000.000000,300.000000,20.000000,10.000000,0,2.000000,20.000000,120.000000,20.000000,-85.000000,20.000000,90.000000,0,8,8,2788,2531,90.781923,9.218077,105.968033,45.124114,49.706057,8,8,11004,9800,89.058524,10.941476,25.456464,103.040000,115.699200,8,8,417,388,93.045564,6.954436,0.510953,6.917486,7.434514,16,16,11421,10188,89.204098,10.795902,24.506439,109.957486,123.133714,8,8,515,429,83.300971,16.699029,75.557989,51.578057,61.917714,54,54,707,702,39528,39268,4.517486,0.021860,0.053772,0,0,0,0,0.000000,0.000000,0.000000,0.000000
QSPU,4,1,8,9,100.000000,1000.000000,300.000000,20.000000,10.000000,0,2.000000,20.000000,120.000000,20.000000,-85.000000,20.000000,90.000000,0,8,8,2788,2448,87.804878,12.195122,343.243458,43.644343,49.706057,8,8,11004,9088,82.588150,17.411850,48.489093,95.553829,115.699200,8,8,307,233,75.895765,24.104235,99.322446,4.154057,5.473371,16,16,11311,9321,82.406507,17.593493,49.759791,99.707886,121.172571,8,8,484,428,88.429752,11.570248,579.335707,51.457829,58.190629,57,53,498,470,30444,28816,3.479314,0.017860,0.040830,0,0,0,0,0.000000,0.000000,0.000000,0.000000
QSPU,5,1,8,9,100.000000,1000.000000,300.000000,20.000000,10.000000,0,2.000000,20.000000,120.000000,20.000000,-85.000000,20.000000,90.000000,0,8,8,2788,2190,78.550933,21.449067,228.538440,39.044571,49.706057,8,8,11004,8233,74.818248,25.181752,31.375678,86.564114,115.699200,8,8,442,352,79.638009,20.361991,66.099073,6.275657,7.880229,16,16,11446,8585,75.004368,24.995632,32.799398,92.839771,123.579429,8,8,623,510,81.861958,18.138042,440.022852,61.316571,74.902400,56,55,427,418,25220,24736,2.882286,0.014919,0.037838,0,0,0,0,0.000000,0.000000,0.000000,0.000000
QSPU,1,1,10,11,100.000000,1000.000000,300.000000,20.000000,10.000000,0,2.000000,20.000000,120.000000,20.000000,-85.000000,20.000000,90.000000,0,10,10,3482,2752,79.035037,20.964963,292.305067,49.064229,62.079086,10,10,13745,9982,72.622772,27.377228,10.286293,104.953600,144.518857,10,9,374,278,74.331551,25.668449,0.299910,4.956343,6.667886,20,19,14119,10260,72.668036,27.331964,10.015707,109.909943,151.186743,10,9,805,644,80.000000,20.000000,132.681762,77.427200,96.784000,66,61,483,463,29296,28132,3.348114,0.014163,0.035369,0,0,0,0,0.000000,0.000000,0.000000,0.000000
QSPU,2,1,10,11,100.000000,1000.000000,300.000000,20.000000,10.000000,0,2.000000,20.000000,120.000000,20.000000,-85.000000,20.000000,90.000000,0,10,10,3482,2749,78.948880,21.051120,8.029342,49.010743,62.079086,10,10,13745,12834,93.372135,6.627865,3.525509,134.940343,144.518857,10,10,416,393,94.471154,5.528846,0.625224,7.006629,7.416686,20,20,14161,13227,93.404421,6.595579,3.439336,141.946971,151.935543,10,10,858,638,74.358974,25.641026,20.120027,76.705829,103.156114,91,88,1126,1015,62292,55418,7.119086,0.026597,0.067774,0,0,0,0,0.000000,0.000000,0.000000,0.000000
QSPU,3,1,10,11,100.000000,1000.000000,300.000000,20.000000,10.000000,0,2.000000,20.000000,120.000000,20.000000,-85.000000,20.000000,90.000000,0,10,10,3482,3082,88.512349,11.487651,97.765690,54.947657,62.079086,10,10,13745,12619,91.807930,8.192070,16.410044,132.679771,144.518857,10,10,466,424,90.987124,9.012876,45.368492,7.559314,8.308114,20,20,14211,13043,91.781015,8.218985,17.351421,140.239086,152.826971,10,10,670,600,89.552239,10.447761,16.597716,72.137143,80.553143,79,76,708,670,41900,39552,4.788571,0.017913,0.042332,0,0,0,0,0.000000,0.000000,0.000000,0.000000
QSPU,4,1,10,11,100.000000,1000.000000,300.000000,20.000000,10.000000,0,2.000000,20.000000,120.000000,20.000000,-85.000000,20.000000,90.000000,0,10,10,3482,2056,59.046525,40.953475,165.264433,36.655543,62.079086,10,10,13745,9627,70.040015,29.959985,47.045442,101.221029,144.518857,10,10,459,346,75.381264,24.618736,127.364886,6.168686,8.183314,20,20,14204,9973,70.212616,29.787384,49.832018,107.389714,152.702171,10,10,735,443,60.272109,39.727891,90.311842,53.261257,88.368000,75,71,1331,1210,72804,65316,8.320457,0.042170,0.106719,0,0,0,0,0.000000,0.000000,0.000000,0.000000
QSPU,5,1,10,11,100.000000,1000.000000,300.000000,20.000000,10.000000,0,2.000000,20.000000,120.000000,20.000000,-85.000000,20.000000,90.000000,0,10,10,3482,3186,91.499138,8.500862,59.438227,56.801829,62.079086,10,10,13745,12773,92.928338,7.071662,9.127988,134.298971,144.518857,10,10,446,401,89.910314,10.089686,11.178397,7.149257,7.951543,20,20,14191,13174,92.833486,7.166514,9.190400,141.448229,152.470400,10,10,581,550,94.664372,5.335628,2.523511,66.125714,69.852800,65,61,703,651,44208,41148,5.052343,0.019110,0.041573,0,0,0,0,0.000000,0.000000,0.000000,0.000000
QSPU,1,1,12,13,100.000000,1000.000000,300.000000,20.000000,10.000000,0,2.000000,20.000000,120.000000,20.000000,-85.000000,20.000000,90.000000,0,12,12,4176,3355,80.340038,19.659962,184.394855,59.814857,74.452114,12,12,16482,14042,85.195971,14.804029,14.934262,147.641600,173.296457,12,12,542,494,91.143911,8.856089,63.661992,8.807314,9.663086,24,24,17024,14536,85.385338,14.614662,16.590254,156.448914,182.959543,12,11,724,560,77.348066,22.651934,66.297537,67.328000,87.045486,108,100,1131,899,63634,51902,7.272457,0.025644,0.061297,0,0,0,0,0.000000,0.000000,0.000000,0.000000
QSPU,2,1,12,13,100.000000,1000.000000,300.000000,20.000000,10.000000,0,2.000000,20.000000,120.000000,20.000000,-85.000000,20.000000,90.000000,0,12,12,4176,3779,90.493295,9.506705,71.260580,67.374171,74.452114,12,12,16482,15557,94.387817,5.612183,23.418482,163.570743,173.296457,12,12,636,614,96.540881,3.459119,42.341637,10.946743,11.338971,24,24,17118,16171,94.467812,5.532188,24.136979,174.517486,184.635429,12,12,996,885,88.855422,11.144578,43.231051,106.402286,119.747657,104,100,938,842,55138,50536,6.301486,0.018092,0.045020,0,0,0,0,0.000000,0.000000,0.000000,0.000000
QSPU,3,1,12,13,100.000000,1000.000000,300.000000,20.000000,10.000000,0,2.000000,20.000000,120.000000,20.000000,-85.000000,20.000000,90.000000,0,12,12,4176,3719,89.056513,10.943487,23.579138,66.304457,74.452114,12,12,16482,14965,90.796020,9.203980,16.398242,157.346286,173.296457,12,12,624,578,92.628205,7.371795,23.292869,10.304914,11.125029,24,24,17106,15543,90.862855,9.137145,16.654633,167.651200,184.421486,12,12,844,749,88.744076,11.255924,2.009344,90.051200,101.472914,110,103,1117,1074,64346,62190,7.353829,0.022697,0.055819,0,0,0,0,0.000000,0.000000,0.000000,0.000000
QSPU,4,1,12,13,100.000000,1000.000000,300.000000,20.000000,10.000000,0,2.000000,20.000000,120.000000,20.000000,-85.000000,20.000000,90.000000,0,12,12,4176,2911,69.707854,30.292146,24.676942,51.898971,74.452114,12,12,16482,13516,82.004611,17.995389,10.837529,142.111086,173.296457,12,12,606,501,82.673267,17.326733,27.147972,8.932114,10.804114,24,24,17088,14017,82.028324,17.971676,11.420502,151.043200,184.100571,12,12,700,507,72.428571,27.571429,23.380344,60.955886,84.160000,105,101,1141,969,65936,56340,7.535543,0.028555,0.065443,0,0,0,0,0.000000,0.000000,0.000000,0.000000
QSPU,5,1,12,13,100.000000,1000.000000,300.000000,20.000000,10.000000,0,2.000000,20.000000,120.000000,20.000000,-85.000000,20.000000,90.000000,0,12,12,4176,3726,89.224138,10.775862,130.791119,66.429257,74.452114,12,12,16482,14210,86.215265,13.784735,5.734643,149.408000,173.296457,12,12,622,547,87.942122,12.057878,0.426260,9.752229,11.089371,24,24,17104,14757,86.278064,13.721936,5.537877,159.160229,184.385829,12,12,630,558,88.571429,11.428571,66.615358,67.087543,75.744000,128,125,1060,1024,59788,57806,6.832914,0.023346,0.055669,0,0,0,0,0.000000,0.000000,0.000000,0.000000
QSPU,1,1,15,16,100.000000,1000.000000,300.000000,20.000000,10.000000,0,2.000000,20.000000,120.000000,20.000000,-85.000000,20.000000,90.000000,0,15,15,5214,4736,90.832374,9.167626,33.576093,84.436114,92.958171,15,15,20580,19192,93.255588,6.744412,10.061619,201.790171,216.384000,15,15,723,694,95.988935,4.011065,1.421632,12.373029,12.890057,30,30,21303,19886,93.348355,6.651645,9.760093,214.163200,229.274057,14,14,1128,1052,93.262411,6.737589,128.059607,126.480457,135.617829,177,167,2272,2154,121136,114896,13.844114,0.032568,0.088494,0,0,0,0,0.000000,0.000000,0.000000,0.000000
QSPU,2,1,15,16,100.000000,1000.000000,300.000000,20.000000,10.000000,0,2.000000,20.000000,120.000000,20.000000,-85.000000,20.000000,90.000000,0,15,15,5214,4177,80.111239,19.888761,138.357360,74.469943,92.958171,15,15,20580,18582,90.291545,9.708455,14.120175,195.376457,216.384000,15,15,667,619,92.803598,7.196402,0.568881,11.035886,11.891657,30,30,21247,19201,90.370405,9.629595,13.683310,206.412343,228.275657,15,15,1224,938,76.633987,23.366013,3.195362,112.774400,147.159771,171,166,1684,1524,93704,84458,10.709029,0.027204,0.069255,0,0,0,0,0.000000,0.000000,0.000000,0.000000
QSPU,3,1,15,16,100.000000,1000.000000,300.000000,20.000000,10.000000,0,2.000000,20.000000,120.000000,20.000000,-85.000000,20.000000,90.000000,0,15,15,5214,3996,76.639816,23.360184,202.409512,71.242971,92.958171,15,15,20580,17866,86.812439,13.187561,27.715277,187.848229,216.384000,15,15,700,618,88.285714,11.714286,33.504244,11.018057,12.480000,30,30,21280,18484,86.860902,13.139098,27.908827,198.866286,228.864000,15,15,1175,984,83.744681,16.255319,310.687520,118.304914,141.268571,191,176,2284,1884,116832,96484,13.352229,0.034376,0.097341,0,0,0,0,0.000000,0.000000,0.000000,0.000000
QSPU,4,1,15,16,100.000000,1000.000000,300.000000,20.000000,10.000000,0,2.000000,20.000000,120.000000,20.000000,-85.000000,20.000000,90.000000,0,15,15,5214,3127,59.973149,40.026851,14.313478,55.749943,92.958171,15,15,20580,17976,87.346939,12.653061,26.483238,189.004800,216.384000,15,14,717,616,85.913529,14.086471,5.114830,10.982400,12.783086,30,29,21297,18592,87.298681,12.701319,25.775249,199.987200,229.167086,15,14,906,581,64.128035,35.871965,47.835765,69.852800,108.927086,189,173,2985,2208,152602,112978,17.440229,0.053565,0.133857,0,0,0,0,0.000000,0.000000,0.000000,0.000000
QSPU,5,1,15,16,100.000000,1000.000000,300.000000,20.000000,10.000000,0,2.000000,20.000000,120.000000,20.000000,-85.000000,20.000000,90.000000,0,15,15,5214,4097,78.576908,21.423092,81.993784,73.043657,92.958171,15,15,20580,18672,90.728863,9.271137,21.286576,196.322743,216.384000,15,15,685,628,91.678832,8.321168,14.702762,11.196343,12.212571,30,30,21265,19300,90.759464,9.240536,21.072346,207.519086,228.596571,14,13,1446,1231,85.131397,14.868603,3.005149,148.001371,173.850514,167,155,1975,1730,105726,91326,12.082971,0.028194,0.080193,0,0,0,0,0.000000,0.000000,0.000000,0.000000
