protocol,mobilityModel,c2Control_delayMs_mean,c2Control_delayMs_std,c2Control_delayMs_count,c2Control_pdr_mean,c2Control_pdr_std,c2Control_pdr_count,c2Control_loss_mean,c2Control_loss_std,c2Control_loss_count,c2Control_throughputKbps_mean,c2Control_throughputKbps_std,c2Control_throughputKbps_count,c2Control_offeredLoadKbps_mean,c2Control_offeredLoadKbps_std,c2Control_offeredLoadKbps_count,c2Control_flowCount_mean,c2Control_flowCount_std,c2Control_flowCount_count,c2Control_successfulFlows_mean,c2Control_successfulFlows_std,c2Control_successfulFlows_count,c2Control_txPackets_mean,c2Control_txPackets_std,c2Control_txPackets_count,c2Control_rxPackets_mean,c2Control_rxPackets_std,c2Control_rxPackets_count,c2Command_delayMs_mean,c2Command_delayMs_std,c2Command_delayMs_count,c2Command_pdr_mean,c2Command_pdr_std,c2Command_pdr_count,c2Command_loss_mean,c2Command_loss_std,c2Command_loss_count,c2Command_throughputKbps_mean,c2Command_throughputKbps_std,c2Command_throughputKbps_count,c2Command_offeredLoadKbps_mean,c2Command_offeredLoadKbps_std,c2Command_offeredLoadKbps_count,c2Command_flowCount_mean,c2Command_flowCount_std,c2Command_flowCount_count,c2Command_successfulFlows_mean,c2Command_successfulFlows_std,c2Command_successfulFlows_count,c2Command_txPackets_mean,c2Command_txPackets_std,c2Command_txPackets_count,c2Command_rxPackets_mean,c2Command_rxPackets_std,c2Command_rxPackets_count,telemetry_delayMs_mean,telemetry_delayMs_std,telemetry_delayMs_count,telemetry_pdr_mean,telemetry_pdr_std,telemetry_pdr_count,telemetry_loss_mean,telemetry_loss_std,telemetry_loss_count,telemetry_throughputKbps_mean,telemetry_throughputKbps_std,telemetry_throughputKbps_count,telemetry_offeredLoadKbps_mean,telemetry_offeredLoadKbps_std,telemetry_offeredLoadKbps_count,telemetry_flowCount_mean,telemetry_flowCount_std,telemetry_flowCount_count,telemetry_successfulFlows_mean,telemetry_successfulFlows_std,telemetry_successfulFlows_count,telemetry_txPackets_mean,telemetry_txPackets_std,telemetry_txPackets_count,telemetry_rxPackets_mean,telemetry_rxPackets_std,telemetry_rxPackets_count,video_delayMs_mean,video_delayMs_std,video_delayMs_count,video_pdr_mean,video_pdr_std,video_pdr_count,video_loss_mean,video_loss_std,video_loss_count,video_throughputKbps_mean,video_throughputKbps_std,video_throughputKbps_count,video_offeredLoadKbps_mean,video_offeredLoadKbps_std,video_offeredLoadKbps_count,video_flowCount_mean,video_flowCount_std,video_flowCount_count,video_successfulFlows_mean,video_successfulFlows_std,video_successfulFlows_count,video_txPackets_mean,video_txPackets_std,video_txPackets_count,video_rxPackets_mean,video_rxPackets_std,video_rxPackets_count,routing_offeredLoadKbps_mean,routing_offeredLoadKbps_std,routing_offeredLoadKbps_count,routingBytesPerDeliveredAppByte_mean,routingBytesPerDeliveredAppByte_std,routingBytesPerDeliveredAppByte_count,routingPacketsPerDeliveredAppPacket_mean,routingPacketsPerDeliveredAppPacket_std,routingPacketsPerDeliveredAppPacket_count,routing_flowEntries_mean,routing_flowEntries_std,routing_flowEntries_count,routing_activeEntries_mean,routing_activeEntries_std,routing_activeEntries_count,routing_txPackets_mean,routing_txPackets_std,routing_txPackets_count,routing_rxPackets_mean,routing_rxPackets_std,routing_rxPackets_count,routing_txBytes_mean,routing_txBytes_std,routing_txBytes_count,routing_rxBytes_mean,routing_rxBytes_std,routing_rxBytes_count
AODV,GAUSS_MARKOV,10.008415600000001,6.89284441477394,5,53.246999,11.30963479843229,5,46.753001,11.309634798432288,5,76.9519544,16.344554815606706,5,144.518857,0.0,5,10.0,0.0,5,9.8,0.44721359549995804,5,13745.0,0.0,5,7318.8,1554.509311647891,5,5.696483000000001,7.389745430643196,5,55.1687306,6.993343685358693,5,44.831269400000004,6.993343685358693,5,4.920686,0.663500611961662,5,8.9142858,0.1691367923625723,5,10.0,0.0,5,9.0,0.7071067811865477,5,500.0,9.486832980505138,5,276.0,37.2155881318568,5,271.0612946,172.91716746545842,5,57.8116026,10.15165289410906,5,42.1883974,10.151652894109057,5,35.8889142,6.30205316493615,5,62.079086,0.0,5,10.0,0.0,5,10.0,0.0,5,3482.0,0.0,5,2013.0,353.48055109157,5,245.3230126,246.00765562704288,5,61.2521076,10.143466002939615,5,38.7478924,10.143466002939617,5,54.84827399999999,12.658704013762579,5,89.8588344,18.41433162088677,5,10.0,0.0,5,9.4,0.8944271909999161,5,747.4,153.16102637420525,5,456.2,105.28865086038476,5,1.7972114000000001,0.9281626168111922,5,0.0108376,0.0058581398327455445,5,0.0381476,0.022988875903358123,5,49.4,11.21605991424796,5,48.2,10.353743284435827,5,366.4,207.77223106084222,5,328.0,213.82469455140114,5,15725.6,8121.42073777735,5,14136.8,8352.54986216784,5
AODV,GROUP,9.8812358,12.264569556687821,5,51.324845200000006,23.427944265165305,5,48.6751548,23.427944265165298,5,74.17408,33.85779716857177,5,144.518857,0.0,5,10.0,0.0,5,10.0,0.0,5,13745.0,0.0,5,7054.6,3220.1709271403593,5,2.8467754,4.162997047836907,5,51.4839654,29.26904222000468,5,48.5160346,29.26904222000468,5,4.382263,2.575145632003072,5,8.4329144,0.6295781592561008,5,10.0,0.0,5,8.6,2.6076809620810595,5,473.0,35.31288716601915,5,245.8,144.43926059074104,5,206.91777199999996,225.70259690016698,5,55.313038600000006,24.69901687643129,5,44.6869614,24.69901687643129,5,34.3378288,15.332923784655595,5,62.079086,0.0,5,10.0,0.0,5,10.0,0.0,5,3482.0,0.0,5,1926.0,860.0197672146844,5,220.0727962,260.8875604963831,5,48.618171800000006,26.41237320512541,5,51.381828199999994,26.41237320512541,5,46.528456999999996,25.102159585794485,5,99.5973486,12.061748155882226,5,10.0,0.0,5,8.6,3.1304951684997055,5,828.4,100.32347681375481,5,387.0,208.78697277368624,5,2.7741256,1.7296615288769073,5,0.021443200000000003,0.013281557992193535,5,0.0682004,0.04180991208194535,5,97.4,11.502173707608488,5,92.6,9.343446901438464,5,551.8,338.0446716042127,5,528.8,327.8882431561095,5,24273.6,15134.540257305473,5,23225.2,14652.743674820767,5
AODV,RWALK2D,7.0802858,3.0430999037136788,5,43.1851584,28.856363436831195,5,56.8148416,28.856363436831206,5,62.410697000000006,41.70288616193721,5,144.518857,0.0,5,10.0,0.0,5,6.6,2.8809720581775866,5,13745.0,0.0,5,5935.8,3966.307123761346,5,1.9855817999999998,3.760862277830538,5,44.9171602,28.217346707321123,5,55.0828398,28.217346707321127,5,3.8260115999999997,2.509988067701378,5,8.6254628,0.7397678172850585,5,10.0,0.0,5,6.2,2.9495762407505253,5,483.8,41.493372964848255,5,214.6,140.78458722459644,5,87.1094696,58.896352152830524,5,44.8535324,29.260304469390192,5,55.146467599999994,29.26030446939019,5,27.844662800000002,18.164529625734673,5,62.079086,0.0,5,10.0,0.0,5,6.6,2.8809720581775866,5,3482.0,0.0,5,1561.8,1018.843805497192,5,57.24586480000001,100.4614340139649,5,42.892416600000004,27.826326570193487,5,57.107583399999996,27.826326570193494,5,44.532662800000004,28.608413282011366,5,106.4984688,16.201307264414716,5,10.0,0.0,5,6.4,3.2093613071762426,5,885.8,134.75422071311903,5,370.4,237.95020487488551,5,1.0855772,0.8943856135913636,5,0.0083266,0.0036166513240842003,5,0.028909799999999996,0.012580077650793733,5,21.0,9.273618495495704,5,21.0,9.273618495495704,5,210.8,172.88059463109212,5,203.8,166.80437644138718,5,9498.8,7825.873446459507,5,9172.4,7527.689738558571,5
AODV,RWP,12.1616558,6.996623188133057,5,84.621317,11.828039694674324,5,15.378683,11.828039694674324,5,122.2937598,17.093747569064917,5,144.518857,0.0,5,10.0,0.0,5,10.0,0.0,5,13745.0,0.0,5,11631.2,1625.7640357690286,5,11.3541002,9.797256112359557,5,86.12140600000001,8.816636519582882,5,13.878594000000001,8.816636519582879,5,6.6393602000000005,0.921980180862745,5,7.7055086,0.6730607975256019,5,10.0,0.0,5,9.8,0.44721359549995804,5,432.2,37.751821148124755,5,372.4,51.713634565750645,5,47.476274000000004,58.895526699633336,5,81.27512899999999,9.95549703654627,5,18.724871,9.955497036546266,5,50.4548574,6.180281462669181,5,62.079086,0.0,5,10.0,0.0,5,10.0,0.0,5,3482.0,0.0,5,2830.0,346.65040025939675,5,21.066612799999998,30.156374048813944,5,81.30870300000001,11.99184993222991,5,18.691297,11.991849932229911,5,70.86271980000001,12.378464205052591,5,87.74281140000001,13.147696459072169,5,10.0,0.0,5,9.8,0.44721359549995804,5,729.8,109.35584117915236,5,589.4,102.95775832835523,5,2.7632456000000003,1.0005173833556318,5,0.011080000000000001,0.0038529873475006376,5,0.0350756,0.011844121149329735,5,74.8,13.773162309360911,5,71.2,14.184498581197715,5,540.8,201.26524786957137,5,496.4,198.20141270939519,5,24178.4,8754.526075122514,5,22112.8,8628.10229424756,5
AODV_ETX,GAUSS_MARKOV,12.2121056,7.0816721948727475,5,53.6602402,10.640521412728548,5,46.3397598,10.640521412728546,5,77.54916539999999,15.37756024717045,5,144.518857,0.0,5,10.0,0.0,5,10.0,0.0,5,13745.0,0.0,5,7375.6,1462.5396746755282,5,4.312829,5.531354057106497,5,55.24202319999999,8.120158002750268,5,44.7579768,8.120158002750268,5,4.9278172,0.7614907254354447,5,8.9142858,0.1691367923625723,5,10.0,0.0,5,9.2,0.8366600265340753,5,500.0,9.486832980505138,5,276.4,42.71182506051457,5,222.78551239999996,175.28923906540902,5,54.192992600000004,10.597455432047466,5,45.807007399999996,10.597455432047465,5,33.6425142,6.5788031285469915,5,62.079086,0.0,5,10.0,0.0,5,10.0,0.0,5,3482.0,0.0,5,1887.0,369.0033875183262,5,235.3257106,269.88641113195257,5,59.309062999999995,9.971220828418554,5,40.690937000000005,9.971220828418556,5,52.9967542,11.767484737422,5,89.8588344,18.41433162088677,5,10.0,0.0,5,9.0,0.7071067811865476,5,747.4,153.16102637420525,5,440.8,97.87594188563398,5,2.7233829999999997,1.5675676240492784,5,0.0169506,0.011127474749465847,5,0.052781,0.03178073976483241,5,55.4,10.807404868885039,5,53.8,10.2810505299799,5,506.6,287.74606860911234,5,475.0,266.0375913287444,5,23829.6,13716.218750078318,5,22306.4,12559.886575920978,5
AODV_ETX,GROUP,11.3424714,13.074499580849311,5,50.6773372,22.94047182597837,5,49.3226628,22.940471825978364,5,73.23830840000001,33.15330710795989,5,144.518857,0.0,5,10.0,0.0,5,10.0,0.0,5,13745.0,0.0,5,6965.6,3153.1678198281807,5,15.335874999999998,31.266914904143626,5,49.508519,28.201855311926046,5,50.491481,28.20185531192605,5,4.2182398,2.500281598930948,5,8.4329144,0.6295781592561008,5,10.0,0.0,5,8.6,2.6076809620810595,5,473.0,35.31288716601915,5,236.6,140.24015116934237,5,73.7618828,111.72223847803981,5,53.17633539999999,25.835162396423236,5,46.8236646,25.835162396423236,5,33.0113828,16.038232545688356,5,62.079086,0.0,5,10.0,0.0,5,10.0,0.0,5,3482.0,0.0,5,1851.6,899.5803466061273,5,135.420526,245.64820455505904,5,47.8585962,26.163348385094217,5,52.1414038,26.163348385094217,5,45.879223,25.081795493917376,5,99.5973486,12.061748155882226,5,10.0,0.0,5,8.6,3.1304951684997055,5,828.4,100.32347681375481,5,381.6,208.61759273848406,5,6.881600000000001,6.512433467005364,5,0.045058400000000005,0.03471513394472215,5,0.140213,0.12336970849240099,5,101.8,9.984988733093294,5,95.6,12.095453691366853,5,1296.2,1242.8908640745574,5,1242.2,1226.226202623317,5,60214.0,56983.79360835851,5,57524.8,56199.70744763713,5
AODV_ETX,RWALK2D,6.5931122,2.623932538331293,5,42.5260094,28.334338155438537,5,57.4739906,28.33433815543854,5,61.458103200000004,40.94846127509956,5,144.518857,0.0,5,10.0,0.0,5,6.6,2.8809720581775866,5,13745.0,0.0,5,5845.2,3894.5547499040244,5,1.9674796,3.6998362881757076,5,44.2701544,27.531923256583447,5,55.7298456,27.53192325658345,5,3.76896,2.4453950157629953,5,8.6254628,0.7397678172850585,5,10.0,0.0,5,6.0,2.7386127875258306,5,483.8,41.493372964848255,5,211.4,137.1615835429148,5,76.0004544,50.17552797679529,5,40.315910200000005,25.82240322659695,5,59.6840898,25.82240322659695,5,25.027748600000002,16.03031207795195,5,62.079086,0.0,5,10.0,0.0,5,6.4,2.6076809620810595,5,3482.0,0.0,5,1403.8,899.1360853619434,5,87.75459659999999,118.22601189946776,5,39.1682258,24.353254227398825,5,60.8317742,24.353254227398825,5,40.541074200000004,24.523298408128134,5,106.4984688,16.201307264414716,5,10.0,0.0,5,6.2,2.9495762407505253,5,885.8,134.75422071311903,5,337.2,203.97230204123304,5,1.3748574000000002,0.8847262153702128,5,0.0111424,0.0026137371329190704,5,0.0364614,0.00972792710704598,5,22.4,9.964938534682489,5,22.0,9.66953980290686,5,260.2,169.53967087381054,5,246.6,162.56321847207627,5,12030.0,7741.355436872796,5,11340.8,7327.0125699359905,5
AODV_ETX,RWP,17.400866999999998,13.995197584877285,5,84.8526736,9.85841490768905,5,15.1473264,9.858414907689054,5,122.6281144,14.247268446540467,5,144.518857,0.0,5,10.0,0.0,5,10.0,0.0,5,13745.0,0.0,5,11663.0,1355.0391138266084,5,9.367846,8.621462718299922,5,85.6104294,7.860591953564269,5,14.389570600000003,7.860591953564268,5,6.5965714,0.8248482068297779,5,7.7055086,0.6730607975256019,5,10.0,0.0,5,9.8,0.44721359549995804,5,432.2,37.751821148124755,5,370.0,46.26553793051584,5,30.749023799999996,17.570464857448087,5,82.9638138,8.427911240354737,5,17.0361862,8.427911240354735,5,51.50317700000001,5.231970255785147,5,62.079086,0.0,5,10.0,0.0,5,10.0,0.0,5,3482.0,0.0,5,2888.8,293.45987800719877,5,21.085347199999998,33.61420224233026,5,84.1535074,8.980561871265202,5,15.8464926,8.980561871265198,5,73.3634742,10.324057697920992,5,87.74281140000001,13.147696459072169,5,10.0,0.0,5,9.8,0.44721359549995804,5,729.8,109.35584117915236,5,610.2,85.87025096038789,5,5.2447084,1.6184794461802103,5,0.0205878,0.006018095853340988,5,0.0612402,0.017430562303035437,5,77.4,13.371611720357425,5,74.6,12.91510743277035,5,954.2,289.3824459085243,5,916.0,279.07436284976086,5,45891.2,14161.694997421742,5,44045.6,13632.069498062281,5
DSDV,GAUSS_MARKOV,20.4939928,18.9209906258059,5,32.1236812,9.446695004883042,5,67.8763188,9.446695004883038,5,46.42477699999999,13.652255592809414,5,144.518857,0.0,5,10.0,0.0,5,8.8,0.8366600265340756,5,13745.0,0.0,5,4415.4,1298.4482276933495,5,7.1444766,3.15162222656195,5,31.829218200000003,9.812512534387057,5,68.17078180000001,9.812512534387063,5,2.8418744,0.8984081982035227,5,8.9142858,0.1691367923625723,5,10.0,0.0,5,7.8,1.788854381999832,5,500.0,9.486832980505138,5,159.4,50.391467531716124,5,6.0379664,4.471760460139306,5,30.534175799999996,7.871382867929286,5,69.4658242,7.871382867929287,5,18.955337,4.886482485932236,5,62.079086,0.0,5,10.0,0.0,5,8.4,1.3416407864998738,5,3482.0,0.0,5,1063.2,274.08155720515015,5,7.485643999999999,12.069528289705774,5,36.5034652,10.682596530036866,5,63.49653479999999,10.682596530036868,5,32.990719999999996,11.477452771262946,5,89.8588344,18.41433162088677,5,10.0,0.0,5,7.0,0.9999999999999999,5,747.4,153.16102637420525,5,274.4,95.46360563062763,5,0.0,0.0,5,0.0,0.0,5,0.0,0.0,5,0.0,0.0,5,0.0,0.0,5,0.0,0.0,5,0.0,0.0,5,0.0,0.0,5,0.0,0.0,5
DSDV,GROUP,7.3507926,6.003810383563159,5,42.889778,22.923804075446746,5,57.110222,22.923804075446746,5,61.983817,33.12921999135691,5,144.518857,0.0,5,10.0,0.0,5,10.0,0.0,5,13745.0,0.0,5,5895.2,3150.876893818608,5,2.5671836,1.3923741042574729,5,40.7129228,25.871476020240305,5,59.2870772,25.871476020240305,5,3.480137,2.311479810196706,5,8.4329144,0.6295781592561008,5,10.0,0.0,5,8.0,3.3911649915626336,5,473.0,35.31288716601915,5,195.2,129.65029888125983,5,6.491943000000001,10.179903962291196,5,45.0488226,24.384759249736184,5,54.95117739999999,24.38475924973618,5,27.9658972,15.13783555341581,5,62.079086,0.0,5,10.0,0.0,5,9.4,1.3416407864998738,5,3482.0,0.0,5,1568.6,849.0773227451078,5,1.47984925,2.051982563030913,4,36.553961,23.957421736711403,5,63.446039,23.957421736711403,5,34.5777372,22.242383270403817,5,99.5973486,12.061748155882226,5,10.0,0.0,5,7.8,4.381780460041329,5,828.4,100.32347681375481,5,287.6,185.00081080903402,5,0.0,0.0,5,0.0,0.0,5,0.0,0.0,5,0.0,0.0,5,0.0,0.0,5,0.0,0.0,5,0.0,0.0,5,0.0,0.0,5,0.0,0.0,5
DSDV,RWALK2D,4.5858506000000006,2.0641754964019654,5,37.1596944,25.721403720968908,5,62.8403056,25.72140372096891,5,53.7027656,37.17227875786227,5,144.518857,0.0,5,10.0,0.0,5,6.0,2.1213203435596424,5,13745.0,0.0,5,5107.6,3535.4069497018304,5,1.182652,0.7015291099291604,5,38.3990462,25.557501821609954,5,61.6009538,25.55750182160996,5,3.26976,2.275661943395921,5,8.6254628,0.7397678172850585,5,10.0,0.0,5,5.8,2.4899799195977463,5,483.8,41.493372964848255,5,183.4,127.64129425855882,5,16.504897399999997,18.12609791236323,5,34.7558874,25.19519019858418,5,65.24411260000001,25.195190198584186,5,21.5761374,15.640943925730003,5,62.079086,0.0,5,10.0,0.0,5,6.0,2.1213203435596424,5,3482.0,0.0,5,1210.2,877.2965291165809,5,1.4087688,0.45654234666972565,5,34.089684999999996,25.856347374269617,5,65.910315,25.856347374269617,5,34.84224,25.92625364224253,5,106.4984688,16.201307264414716,5,10.0,0.0,5,5.8,2.4899799195977463,5,885.8,134.75422071311903,5,289.8,215.64136894390182,5,0.0,0.0,5,0.0,0.0,5,0.0,0.0,5,0.0,0.0,5,0.0,0.0,5,0.0,0.0,5,0.0,0.0,5,0.0,0.0,5,0.0,0.0,5
DSDV,RWP,8.835588,2.868634790981069,5,59.7759186,14.370051525461617,5,40.2240814,14.37005152546162,5,86.3874742,20.76743415320132,5,144.518857,0.0,5,10.0,0.0,5,9.8,0.44721359549995787,5,13745.0,0.0,5,8216.2,1975.16358816175,5,7.2596124,4.33102079715525,5,57.88906540000001,10.880870587971595,5,42.11093459999999,10.880870587971595,5,4.4678398,1.007322113876043,5,7.7055086,0.6730607975256019,5,10.0,0.0,5,9.6,0.5477225575051662,5,432.2,37.751821148124755,5,250.6,56.5004424761435,5,14.524713199999999,12.063648851698341,5,61.2004594,13.58945886186517,5,38.7995406,13.589458861865168,5,37.9926858,8.436211556229086,5,62.079086,0.0,5,10.0,0.0,5,10.0,0.0,5,3482.0,0.0,5,2131.0,473.1849532688038,5,1.6171496,1.2930669452842727,5,59.9807908,18.14736196312995,5,40.0192092,18.147361963129953,5,51.746377200000005,14.04916020766799,5,87.74281140000001,13.147696459072169,5,10.0,0.0,5,9.6,0.5477225575051662,5,729.8,109.35584117915236,5,430.4,116.85375475353797,5,0.0,0.0,5,0.0,0.0,5,0.0,0.0,5,0.0,0.0,5,0.0,0.0,5,0.0,0.0,5,0.0,0.0,5,0.0,0.0,5,0.0,0.0,5
OLSR,GAUSS_MARKOV,4.542212,0.8380463472711397,5,71.982308,8.787259511717721,5,28.017692,8.787259511717718,5,58.2491428,14.24182587301766,5,80.86957720000001,16.773252940906968,5,9.8,0.44721359549995776,5,9.4,0.547722557505166,5,7691.4,1595.2822007406714,5,5540.0,1354.521502228739,5,2.2294978,1.1319377223591853,5,71.32081860000001,8.770269741931788,5,28.679181399999997,8.77026974193179,5,3.8010514,0.7033141470077933,5,5.3485714,0.9311055214012,5,9.6,0.8944271909999161,5,8.6,0.547722557505166,5,300.0,52.22547271207796,5,213.2,39.44870086580799,5,6.1007456,2.064809655397756,5,72.91949439999999,11.021561420183023,5,27.0805056,11.021561420183023,5,24.8922514,6.099552673254474,5,34.10249159999999,6.212987422020207,5,9.6,0.5477225575051662,5,9.4,0.5477225575051662,5,1912.8,348.4848633728587,5,1396.2,342.12234653702467,5,2.8713248,3.5428208423849497,5,74.3892016,7.24804288476747,5,25.6107984,7.248042884767468,5,40.9258058,9.846492619823655,5,54.5116342,9.690378207181785,5,9.0,0.7071067811865476,5,9.0,0.7071067811865476,5,453.4,80.59962779070385,5,340.4,81.89810742624033,5,0.0,0.0,5,0.0,0.0,5,0.0,0.0,5,0.0,0.0,5,0.0,0.0,5,0.0,0.0,5,0.0,0.0,5,0.0,0.0,5,0.0,0.0,5
OLSR,GROUP,3.9479828000000006,2.3505048938492346,5,69.4912396,19.888268758627476,5,30.5087604,19.88826875862748,5,64.4609828,33.8283079490081,5,85.4285712,33.32655416853667,5,10.0,0.0,5,10.0,0.0,5,8125.0,3169.6450905424726,5,6130.8,3217.3662676170393,5,2.153334,1.0099268541476158,5,66.55956799999998,18.852232994536465,5,33.440432,18.852232994536468,5,3.633463,2.3912029031260604,5,4.9028572,2.6076990875545243,5,9.2,1.3038404810405297,5,8.4,3.0495901363953806,5,275.0,146.26517015338956,5,203.8,134.121959424995,5,9.767336799999999,15.787593435800076,5,68.451308,19.216445965043224,5,31.548692,19.216445965043224,5,27.252754200000005,14.149566814397843,5,36.76608,13.635083714562168,5,10.0,0.0,5,10.0,0.0,5,2062.2,764.7883367311507,5,1528.6,793.6455758082445,5,0.46311325000000003,0.026250424737833625,4,54.8450914,31.793058114948767,5,45.1549086,31.793058114948764,5,33.49568,21.902498023221938,5,49.8708114,25.806804274402506,5,8.8,2.6832815729997477,5,7.6,4.335896677735761,5,414.8,214.6478511422837,5,278.6,182.1738180968934,5,0.0,0.0,5,0.0,0.0,5,0.0,0.0,5,0.0,0.0,5,0.0,0.0,5,0.0,0.0,5,0.0,0.0,5,0.0,0.0,5,0.0,0.0,5
OLSR,RWALK2D,2.4985684,0.8408128227095493,5,74.3036108,19.799499828216938,5,25.6963892,19.79949982821694,5,53.3326628,37.59114177346525,5,64.09088,40.16760610966372,5,6.4,2.701851217221259,5,6.2,2.3874672772626644,5,6095.6,3820.288640927541,5,5072.4,3575.2444391957315,5,0.370896,0.22675843276601645,5,75.6040736,28.734122847604294,5,24.3959264,28.734122847604297,5,3.2733258,2.3129645829862375,5,3.7404342,2.419120779197723,5,6.0,2.7386127875258306,5,5.8,3.1144823004794873,5,209.8,135.68787712983055,5,183.6,129.73357314126517,5,11.62875,16.73200157432477,5,68.52013819999999,20.211861296075522,5,31.4798618,20.21186129607552,5,20.3851886,14.080991461646736,5,26.6786742,16.82257566435887,5,6.2,2.3874672772626644,5,6.0,2.1213203435596424,5,1496.4,943.5739504670527,5,1143.4,789.7992149907469,5,1.023639,0.48683912091316167,5,71.5104306,16.227239418600156,5,28.4895694,16.227239418600156,5,33.8563654,25.218297424307988,5,43.4265602,26.074276120452076,5,6.0,2.7386127875258306,5,5.6,2.3021728866442674,5,361.2,216.8725432137503,5,281.6,209.75294991966146,5,0.0,0.0,5,0.0,0.0,5,0.0,0.0,5,0.0,0.0,5,0.0,0.0,5,0.0,0.0,5,0.0,0.0,5,0.0,0.0,5,0.0,0.0,5
OLSR,RWP,5.7713988,1.258209387201987,5,78.1498546,2.6026635444233452,5,21.8501454,2.602663544423347,5,96.005943,15.928549512994541,5,122.7711084,19.467909903544662,5,10.0,0.0,5,10.0,0.0,5,11676.6,1851.5675250986662,5,9131.0,1514.9435633052474,5,3.0571894,1.8686692673759313,5,76.33419599999999,5.074136676280361,5,23.665804,5.07413667628036,5,5.006263,0.8931565338136421,5,6.5502172000000005,1.0161192950019207,5,9.8,0.44721359549995804,5,9.8,0.44721359549995804,5,367.4,56.993859318351134,5,280.8,50.09690609209315,5,4.554066799999999,2.6858121116067855,5,78.5816722,4.4350017205197565,5,21.4183278,4.435001720519757,5,42.20736,7.207050794020533,5,53.5320686,7.322819754095741,5,10.0,0.0,5,10.0,0.0,5,3002.6,410.73507276588884,5,2367.4,404.24163565867383,5,3.31115,5.0206546383760555,5,81.89082859999999,4.279729697821734,5,18.1091714,4.279729697821733,5,62.15817139999999,14.72910421254242,5,75.6718628,16.64950852971321,5,10.0,0.0,5,9.8,0.44721359549995804,5,629.4,138.4821288109047,5,517.0,122.50918332925087,5,0.0,0.0,5,0.0,0.0,5,0.0,0.0,5,0.0,0.0,5,0.0,0.0,5,0.0,0.0,5,0.0,0.0,5,0.0,0.0,5,0.0,0.0,5
QSPU,GAUSS_MARKOV,24.637993,18.061619756356226,5,54.2218988,10.932250058473086,5,45.7781012,10.93225005847308,5,78.3608688,15.799162651352102,5,144.518857,0.0,5,10.0,0.0,5,10.0,0.0,5,13745.0,0.0,5,7452.8,1502.6377474294995,5,5.507599000000001,5.849847360802545,5,54.835891600000004,9.267653880650286,5,45.164108399999996,9.267653880650286,5,4.89216,0.8643274950185256,5,8.9142858,0.1691367923625723,5,10.0,0.0,5,9.2,0.8366600265340753,5,500.0,9.486832980505138,5,274.4,48.47989273915526,5,494.13877659999997,267.79764335477563,5,58.58127520000001,9.252694603686654,5,41.41872479999999,9.252694603686656,5,36.36672,5.743988489653639,5,62.079086,0.0,5,10.0,0.0,5,10.0,0.0,5,3482.0,0.0,5,2039.8,322.17883232763756,5,428.57457439999996,186.43734213508768,5,63.292244200000006,9.690753080472934,5,36.7077558,9.690753080472936,5,56.79597699999999,13.444543641841154,5,89.8588344,18.41433162088677,5,10.0,0.0,5,9.4,0.8944271909999161,5,747.4,153.16102637420525,5,472.4,111.82486306720881,5,3.9234288,1.1141851267420508,5,0.023078,0.009319878808224923,5,0.062266,0.027217950584127383,5,59.0,8.426149773176359,5,56.4,8.111719916269298,5,620.0,218.92007674034832,5,568.0,180.9157262373838,5,34330.0,9749.121909177256,5,31795.6,7946.771596063398,5
QSPU,GROUP,8.1811372,4.361087437742874,5,47.5605676,26.3876074686184,5,52.4394324,26.387607468618395,5,68.7339884,38.135068908277496,5,144.518857,0.0,5,10.0,0.0,5,9.8,0.44721359549995787,5,13745.0,0.0,5,6537.2,3626.9766610773772,5,4.4137582,6.392038030118031,5,46.1722852,32.15046045942885,5,53.8277148,32.15046045942886,5,3.9436799999999996,2.8283836758466836,5,8.4329144,0.6295781592561008,5,10.0,0.0,5,8.0,3.937003937005905,5,473.0,35.31288716601915,5,221.2,158.6433106058998,5,56.95531820000001,125.20937203294798,5,34.1010914,35.08476928632592,5,65.8989086,35.08476928632593,5,21.169646,21.780304032231154,5,62.079086,0.0,5,10.0,0.0,5,7.6,3.361547262794322,5,3482.0,0.0,5,1187.4,1221.6516688483669,5,21.05379525,40.91957402179024,4,27.7461274,31.948305327485258,5,72.2538726,31.94830532748526,5,26.9792914,30.62580681164449,5,99.5973486,12.061748155882226,5,10.0,0.0,5,5.6,4.39317652729776,5,828.4,100.32347681375481,5,224.4,254.72985690727344,5,5.842560000000001,1.770283072588675,5,0.1741428,0.2781786753935319,5,0.28936039999999996,0.4199714127572256,5,100.4,7.3006848993775915,5,89.2,9.959919678390985,5,898.8,279.5714577706387,5,573.2,130.32919857038942,5,51122.4,15489.979883782933,5,31616.0,6360.402660209494,5
QSPU,RWALK2D,6.847836200000001,4.204018149140856,5,43.298654,28.475454475856978,5,56.701346,28.475454475856978,5,62.574719800000004,41.15240162034493,5,144.518857,0.0,5,10.0,0.0,5,6.6,2.8809720581775866,5,13745.0,0.0,5,5951.4,3913.9512388378066,5,1.7004294000000002,3.11996526327166,5,44.935647,28.029907331678924,5,55.064353000000004,28.029907331678928,5,3.8260116,2.491589801091123,5,8.6254628,0.7397678172850585,5,10.0,0.0,5,6.2,2.9495762407505253,5,483.8,41.493372964848255,5,214.6,139.75263861551952,5,142.0966194,134.84821906322068,5,44.0206778,28.346559449359578,5,55.9793222,28.34655944935957,5,27.3276344,17.59728474403977,5,62.079086,0.0,5,10.0,0.0,5,6.6,2.8809720581775866,5,3482.0,0.0,5,1532.8,987.0272032725339,5,76.34790459999999,86.5909075713752,5,42.5046524,27.644978373195556,5,57.4953476,27.644978373195563,5,44.171977,28.59337755311741,5,106.4984688,16.201307264414716,5,10.0,0.0,5,6.4,3.2093613071762426,5,885.8,134.75422071311903,5,367.4,237.82514585299847,5,2.6578285999999998,1.8739665490447794,5,0.0184232,0.003771593588922328,5,0.0476052,0.011758001985881785,5,23.0,10.0,5,22.4,9.762171889492626,5,378.8,282.7643895542718,5,369.2,279.64566865946625,5,23256.0,16397.20701826991,5,22618.8,16181.726891775179,5
QSPU,RWP,17.2790552,17.25754629396325,5,84.15423799999999,11.75499315340462,5,15.845761999999999,11.75499315340462,5,121.61874279999999,16.988181750447964,5,144.518857,0.0,5,10.0,0.0,5,10.0,0.0,5,13745.0,0.0,5,11567.0,1615.7238315999427,5,36.9673818,53.78804485422409,5,85.0162814,9.433903703465694,5,14.9837186,9.433903703465695,5,6.5680458,1.0331805858661396,5,7.7055086,0.6730607975256019,5,10.0,0.0,5,9.8,0.44721359549995804,5,432.2,37.751821148124755,5,368.4,57.95084123634445,5,124.56055180000001,109.9243296410264,5,79.40838579999999,12.68881736859301,5,20.591614200000002,12.688817368593012,5,49.296000199999995,7.877101915429125,5,62.079086,0.0,5,10.0,0.0,5,10.0,0.0,5,3482.0,0.0,5,2765.0,441.82462584152097,5,52.4469716,56.33365422521887,5,79.76953879999999,13.48178745460459,5,20.2304612,13.48178745460459,5,69.1314286,9.951411337908874,5,87.74281140000001,13.147696459072169,5,10.0,0.0,5,9.8,0.44721359549995804,5,729.8,109.35584117915236,5,575.0,82.77076778670113,5,5.7257142000000005,1.97856160079253,5,0.0239906,0.011120061883820613,5,0.0587534,0.02955388592554285,5,75.2,10.63954886261631,5,71.4,11.326958991715296,5,870.2,347.1162629437002,5,801.8,302.8938758047115,5,50100.0,17312.41288786748,5,45913.2,14544.354066097263,5
